ISO-10303-21;
HEADER;
/* Generated by software containing ST-Developer
 * from STEP Tools, Inc. (www.steptools.com) 
 */

FILE_DESCRIPTION(
/* description */ (''),
/* implementation_level */ '2;1');

FILE_NAME(
/* name */ 'TDK_DCT15EFD-U44S003.step',
/* time_stamp */ '2026-06-26T22:30:49-03:00',
/* author */ (''),
/* organization */ (''),
/* preprocessor_version */ 'ST-DEVELOPER v20.1',
/* originating_system */ 'Autodesk Translation Framework v15.8.0.0',
/* authorisation */ '');

FILE_SCHEMA (('AUTOMOTIVE_DESIGN { 1 0 10303 214 3 1 1 }'));
ENDSEC;

DATA;
#10=MECHANICAL_DESIGN_GEOMETRIC_PRESENTATION_REPRESENTATION('',(#13,#14,
#15,#16,#17,#18,#19,#20,#21,#22,#23,#24),#2636);
#11=SHAPE_REPRESENTATION_RELATIONSHIP('SRR','None',#2643,#12);
#12=ADVANCED_BREP_SHAPE_REPRESENTATION('',(#25,#26,#27,#28,#29,#30,#31,
#32,#33,#34,#35,#36),#2635);
#13=STYLED_ITEM('',(#2653),#25);
#14=STYLED_ITEM('',(#2654),#26);
#15=STYLED_ITEM('',(#2655),#27);
#16=STYLED_ITEM('',(#2655),#28);
#17=STYLED_ITEM('',(#2655),#29);
#18=STYLED_ITEM('',(#2655),#30);
#19=STYLED_ITEM('',(#2655),#31);
#20=STYLED_ITEM('',(#2655),#32);
#21=STYLED_ITEM('',(#2655),#33);
#22=STYLED_ITEM('',(#2655),#34);
#23=STYLED_ITEM('',(#2655),#35);
#24=STYLED_ITEM('',(#2655),#36);
#25=MANIFOLD_SOLID_BREP('Corpo1',#1645);
#26=MANIFOLD_SOLID_BREP('Corpo2',#1646);
#27=MANIFOLD_SOLID_BREP('Corpo3',#1647);
#28=MANIFOLD_SOLID_BREP('Corpo4',#1648);
#29=MANIFOLD_SOLID_BREP('Corpo5',#1649);
#30=MANIFOLD_SOLID_BREP('Corpo6',#1650);
#31=MANIFOLD_SOLID_BREP('Corpo7',#1651);
#32=MANIFOLD_SOLID_BREP('Corpo8',#1652);
#33=MANIFOLD_SOLID_BREP('Corpo9',#1653);
#34=MANIFOLD_SOLID_BREP('Corpo10',#1654);
#35=MANIFOLD_SOLID_BREP('Corpo11',#1655);
#36=MANIFOLD_SOLID_BREP('Corpo12',#1656);
#37=FACE_OUTER_BOUND('',#133,.T.);
#38=FACE_OUTER_BOUND('',#134,.T.);
#39=FACE_OUTER_BOUND('',#135,.T.);
#40=FACE_OUTER_BOUND('',#136,.T.);
#41=FACE_OUTER_BOUND('',#137,.T.);
#42=FACE_OUTER_BOUND('',#138,.T.);
#43=FACE_OUTER_BOUND('',#139,.T.);
#44=FACE_OUTER_BOUND('',#140,.T.);
#45=FACE_OUTER_BOUND('',#141,.T.);
#46=FACE_OUTER_BOUND('',#142,.T.);
#47=FACE_OUTER_BOUND('',#143,.T.);
#48=FACE_OUTER_BOUND('',#144,.T.);
#49=FACE_OUTER_BOUND('',#145,.T.);
#50=FACE_OUTER_BOUND('',#146,.T.);
#51=FACE_OUTER_BOUND('',#147,.T.);
#52=FACE_OUTER_BOUND('',#148,.T.);
#53=FACE_OUTER_BOUND('',#149,.T.);
#54=FACE_OUTER_BOUND('',#150,.T.);
#55=FACE_OUTER_BOUND('',#151,.T.);
#56=FACE_OUTER_BOUND('',#152,.T.);
#57=FACE_OUTER_BOUND('',#153,.T.);
#58=FACE_OUTER_BOUND('',#154,.T.);
#59=FACE_OUTER_BOUND('',#155,.T.);
#60=FACE_OUTER_BOUND('',#156,.T.);
#61=FACE_OUTER_BOUND('',#157,.T.);
#62=FACE_OUTER_BOUND('',#158,.T.);
#63=FACE_OUTER_BOUND('',#159,.T.);
#64=FACE_OUTER_BOUND('',#160,.T.);
#65=FACE_OUTER_BOUND('',#161,.T.);
#66=FACE_OUTER_BOUND('',#162,.T.);
#67=FACE_OUTER_BOUND('',#163,.T.);
#68=FACE_OUTER_BOUND('',#164,.T.);
#69=FACE_OUTER_BOUND('',#165,.T.);
#70=FACE_OUTER_BOUND('',#166,.T.);
#71=FACE_OUTER_BOUND('',#167,.T.);
#72=FACE_OUTER_BOUND('',#168,.T.);
#73=FACE_OUTER_BOUND('',#169,.T.);
#74=FACE_OUTER_BOUND('',#170,.T.);
#75=FACE_OUTER_BOUND('',#171,.T.);
#76=FACE_OUTER_BOUND('',#172,.T.);
#77=FACE_OUTER_BOUND('',#173,.T.);
#78=FACE_OUTER_BOUND('',#174,.T.);
#79=FACE_OUTER_BOUND('',#175,.T.);
#80=FACE_OUTER_BOUND('',#176,.T.);
#81=FACE_OUTER_BOUND('',#177,.T.);
#82=FACE_OUTER_BOUND('',#178,.T.);
#83=FACE_OUTER_BOUND('',#179,.T.);
#84=FACE_OUTER_BOUND('',#180,.T.);
#85=FACE_OUTER_BOUND('',#181,.T.);
#86=FACE_OUTER_BOUND('',#182,.T.);
#87=FACE_OUTER_BOUND('',#183,.T.);
#88=FACE_OUTER_BOUND('',#184,.T.);
#89=FACE_OUTER_BOUND('',#185,.T.);
#90=FACE_OUTER_BOUND('',#186,.T.);
#91=FACE_OUTER_BOUND('',#187,.T.);
#92=FACE_OUTER_BOUND('',#188,.T.);
#93=FACE_OUTER_BOUND('',#189,.T.);
#94=FACE_OUTER_BOUND('',#190,.T.);
#95=FACE_OUTER_BOUND('',#191,.T.);
#96=FACE_OUTER_BOUND('',#192,.T.);
#97=FACE_OUTER_BOUND('',#193,.T.);
#98=FACE_OUTER_BOUND('',#194,.T.);
#99=FACE_OUTER_BOUND('',#195,.T.);
#100=FACE_OUTER_BOUND('',#196,.T.);
#101=FACE_OUTER_BOUND('',#197,.T.);
#102=FACE_OUTER_BOUND('',#198,.T.);
#103=FACE_OUTER_BOUND('',#199,.T.);
#104=FACE_OUTER_BOUND('',#200,.T.);
#105=FACE_OUTER_BOUND('',#201,.T.);
#106=FACE_OUTER_BOUND('',#202,.T.);
#107=FACE_OUTER_BOUND('',#203,.T.);
#108=FACE_OUTER_BOUND('',#204,.T.);
#109=FACE_OUTER_BOUND('',#205,.T.);
#110=FACE_OUTER_BOUND('',#206,.T.);
#111=FACE_OUTER_BOUND('',#207,.T.);
#112=FACE_OUTER_BOUND('',#208,.T.);
#113=FACE_OUTER_BOUND('',#209,.T.);
#114=FACE_OUTER_BOUND('',#210,.T.);
#115=FACE_OUTER_BOUND('',#211,.T.);
#116=FACE_OUTER_BOUND('',#212,.T.);
#117=FACE_OUTER_BOUND('',#213,.T.);
#118=FACE_OUTER_BOUND('',#214,.T.);
#119=FACE_OUTER_BOUND('',#215,.T.);
#120=FACE_OUTER_BOUND('',#216,.T.);
#121=FACE_OUTER_BOUND('',#217,.T.);
#122=FACE_OUTER_BOUND('',#218,.T.);
#123=FACE_OUTER_BOUND('',#219,.T.);
#124=FACE_OUTER_BOUND('',#220,.T.);
#125=FACE_OUTER_BOUND('',#221,.T.);
#126=FACE_OUTER_BOUND('',#222,.T.);
#127=FACE_OUTER_BOUND('',#223,.T.);
#128=FACE_OUTER_BOUND('',#224,.T.);
#129=FACE_OUTER_BOUND('',#225,.T.);
#130=FACE_OUTER_BOUND('',#226,.T.);
#131=FACE_OUTER_BOUND('',#227,.T.);
#132=FACE_OUTER_BOUND('',#228,.T.);
#133=EDGE_LOOP('',(#1021,#1022,#1023,#1024));
#134=EDGE_LOOP('',(#1025,#1026,#1027,#1028));
#135=EDGE_LOOP('',(#1029,#1030,#1031,#1032));
#136=EDGE_LOOP('',(#1033,#1034,#1035,#1036));
#137=EDGE_LOOP('',(#1037,#1038,#1039,#1040,#1041,#1042,#1043,#1044));
#138=EDGE_LOOP('',(#1045,#1046,#1047,#1048));
#139=EDGE_LOOP('',(#1049,#1050,#1051,#1052));
#140=EDGE_LOOP('',(#1053,#1054,#1055,#1056,#1057,#1058,#1059,#1060));
#141=EDGE_LOOP('',(#1061,#1062,#1063,#1064));
#142=EDGE_LOOP('',(#1065,#1066,#1067,#1068));
#143=EDGE_LOOP('',(#1069,#1070,#1071,#1072));
#144=EDGE_LOOP('',(#1073,#1074,#1075,#1076));
#145=EDGE_LOOP('',(#1077,#1078,#1079,#1080));
#146=EDGE_LOOP('',(#1081,#1082,#1083,#1084));
#147=EDGE_LOOP('',(#1085,#1086,#1087,#1088));
#148=EDGE_LOOP('',(#1089,#1090,#1091,#1092));
#149=EDGE_LOOP('',(#1093,#1094,#1095,#1096));
#150=EDGE_LOOP('',(#1097,#1098,#1099,#1100));
#151=EDGE_LOOP('',(#1101,#1102,#1103,#1104));
#152=EDGE_LOOP('',(#1105,#1106,#1107,#1108,#1109,#1110));
#153=EDGE_LOOP('',(#1111,#1112,#1113,#1114));
#154=EDGE_LOOP('',(#1115,#1116,#1117,#1118));
#155=EDGE_LOOP('',(#1119,#1120,#1121,#1122,#1123,#1124));
#156=EDGE_LOOP('',(#1125,#1126,#1127,#1128));
#157=EDGE_LOOP('',(#1129,#1130,#1131,#1132));
#158=EDGE_LOOP('',(#1133,#1134,#1135,#1136));
#159=EDGE_LOOP('',(#1137,#1138,#1139,#1140));
#160=EDGE_LOOP('',(#1141,#1142,#1143,#1144,#1145,#1146));
#161=EDGE_LOOP('',(#1147,#1148,#1149,#1150));
#162=EDGE_LOOP('',(#1151,#1152,#1153,#1154));
#163=EDGE_LOOP('',(#1155,#1156,#1157,#1158,#1159,#1160));
#164=EDGE_LOOP('',(#1161,#1162,#1163,#1164));
#165=EDGE_LOOP('',(#1165,#1166,#1167,#1168));
#166=EDGE_LOOP('',(#1169,#1170,#1171,#1172));
#167=EDGE_LOOP('',(#1173,#1174,#1175,#1176));
#168=EDGE_LOOP('',(#1177,#1178,#1179,#1180,#1181,#1182));
#169=EDGE_LOOP('',(#1183,#1184,#1185,#1186));
#170=EDGE_LOOP('',(#1187,#1188,#1189,#1190));
#171=EDGE_LOOP('',(#1191,#1192,#1193,#1194,#1195,#1196));
#172=EDGE_LOOP('',(#1197,#1198,#1199,#1200));
#173=EDGE_LOOP('',(#1201,#1202,#1203,#1204));
#174=EDGE_LOOP('',(#1205,#1206,#1207,#1208));
#175=EDGE_LOOP('',(#1209,#1210,#1211,#1212));
#176=EDGE_LOOP('',(#1213,#1214,#1215,#1216,#1217,#1218));
#177=EDGE_LOOP('',(#1219,#1220,#1221,#1222));
#178=EDGE_LOOP('',(#1223,#1224,#1225,#1226));
#179=EDGE_LOOP('',(#1227,#1228,#1229,#1230,#1231,#1232));
#180=EDGE_LOOP('',(#1233,#1234,#1235,#1236));
#181=EDGE_LOOP('',(#1237,#1238,#1239,#1240));
#182=EDGE_LOOP('',(#1241,#1242,#1243,#1244));
#183=EDGE_LOOP('',(#1245,#1246,#1247,#1248));
#184=EDGE_LOOP('',(#1249,#1250,#1251,#1252,#1253,#1254));
#185=EDGE_LOOP('',(#1255,#1256,#1257,#1258));
#186=EDGE_LOOP('',(#1259,#1260,#1261,#1262));
#187=EDGE_LOOP('',(#1263,#1264,#1265,#1266,#1267,#1268));
#188=EDGE_LOOP('',(#1269,#1270,#1271,#1272));
#189=EDGE_LOOP('',(#1273,#1274,#1275,#1276));
#190=EDGE_LOOP('',(#1277,#1278,#1279,#1280));
#191=EDGE_LOOP('',(#1281,#1282,#1283,#1284));
#192=EDGE_LOOP('',(#1285,#1286,#1287,#1288,#1289,#1290));
#193=EDGE_LOOP('',(#1291,#1292,#1293,#1294));
#194=EDGE_LOOP('',(#1295,#1296,#1297,#1298));
#195=EDGE_LOOP('',(#1299,#1300,#1301,#1302,#1303,#1304));
#196=EDGE_LOOP('',(#1305,#1306,#1307,#1308));
#197=EDGE_LOOP('',(#1309,#1310,#1311,#1312));
#198=EDGE_LOOP('',(#1313,#1314,#1315,#1316));
#199=EDGE_LOOP('',(#1317,#1318,#1319,#1320));
#200=EDGE_LOOP('',(#1321,#1322,#1323,#1324,#1325,#1326));
#201=EDGE_LOOP('',(#1327,#1328,#1329,#1330));
#202=EDGE_LOOP('',(#1331,#1332,#1333,#1334));
#203=EDGE_LOOP('',(#1335,#1336,#1337,#1338,#1339,#1340));
#204=EDGE_LOOP('',(#1341,#1342,#1343,#1344));
#205=EDGE_LOOP('',(#1345,#1346,#1347,#1348));
#206=EDGE_LOOP('',(#1349,#1350,#1351,#1352));
#207=EDGE_LOOP('',(#1353,#1354,#1355,#1356));
#208=EDGE_LOOP('',(#1357,#1358,#1359,#1360,#1361,#1362));
#209=EDGE_LOOP('',(#1363,#1364,#1365,#1366));
#210=EDGE_LOOP('',(#1367,#1368,#1369,#1370));
#211=EDGE_LOOP('',(#1371,#1372,#1373,#1374,#1375,#1376));
#212=EDGE_LOOP('',(#1377,#1378,#1379,#1380));
#213=EDGE_LOOP('',(#1381,#1382,#1383,#1384));
#214=EDGE_LOOP('',(#1385,#1386,#1387,#1388));
#215=EDGE_LOOP('',(#1389,#1390,#1391,#1392));
#216=EDGE_LOOP('',(#1393,#1394,#1395,#1396,#1397,#1398));
#217=EDGE_LOOP('',(#1399,#1400,#1401,#1402));
#218=EDGE_LOOP('',(#1403,#1404,#1405,#1406));
#219=EDGE_LOOP('',(#1407,#1408,#1409,#1410,#1411,#1412));
#220=EDGE_LOOP('',(#1413,#1414,#1415,#1416));
#221=EDGE_LOOP('',(#1417,#1418,#1419,#1420));
#222=EDGE_LOOP('',(#1421,#1422,#1423,#1424));
#223=EDGE_LOOP('',(#1425,#1426,#1427,#1428));
#224=EDGE_LOOP('',(#1429,#1430,#1431,#1432,#1433,#1434));
#225=EDGE_LOOP('',(#1435,#1436,#1437,#1438));
#226=EDGE_LOOP('',(#1439,#1440,#1441,#1442));
#227=EDGE_LOOP('',(#1443,#1444,#1445,#1446,#1447,#1448));
#228=EDGE_LOOP('',(#1449,#1450,#1451,#1452));
#229=LINE('',#2180,#445);
#230=LINE('',#2182,#446);
#231=LINE('',#2184,#447);
#232=LINE('',#2185,#448);
#233=LINE('',#2188,#449);
#234=LINE('',#2190,#450);
#235=LINE('',#2191,#451);
#236=LINE('',#2194,#452);
#237=LINE('',#2196,#453);
#238=LINE('',#2197,#454);
#239=LINE('',#2201,#455);
#240=LINE('',#2203,#456);
#241=LINE('',#2205,#457);
#242=LINE('',#2206,#458);
#243=LINE('',#2209,#459);
#244=LINE('',#2210,#460);
#245=LINE('',#2212,#461);
#246=LINE('',#2213,#462);
#247=LINE('',#2216,#463);
#248=LINE('',#2217,#464);
#249=LINE('',#2219,#465);
#250=LINE('',#2222,#466);
#251=LINE('',#2223,#467);
#252=LINE('',#2225,#468);
#253=LINE('',#2230,#469);
#254=LINE('',#2232,#470);
#255=LINE('',#2234,#471);
#256=LINE('',#2235,#472);
#257=LINE('',#2238,#473);
#258=LINE('',#2240,#474);
#259=LINE('',#2241,#475);
#260=LINE('',#2244,#476);
#261=LINE('',#2246,#477);
#262=LINE('',#2247,#478);
#263=LINE('',#2249,#479);
#264=LINE('',#2250,#480);
#265=LINE('',#2256,#481);
#266=LINE('',#2258,#482);
#267=LINE('',#2260,#483);
#268=LINE('',#2261,#484);
#269=LINE('',#2264,#485);
#270=LINE('',#2266,#486);
#271=LINE('',#2267,#487);
#272=LINE('',#2271,#488);
#273=LINE('',#2273,#489);
#274=LINE('',#2275,#490);
#275=LINE('',#2276,#491);
#276=LINE('',#2279,#492);
#277=LINE('',#2280,#493);
#278=LINE('',#2281,#494);
#279=LINE('',#2283,#495);
#280=LINE('',#2286,#496);
#281=LINE('',#2287,#497);
#282=LINE('',#2289,#498);
#283=LINE('',#2294,#499);
#284=LINE('',#2296,#500);
#285=LINE('',#2298,#501);
#286=LINE('',#2299,#502);
#287=LINE('',#2302,#503);
#288=LINE('',#2304,#504);
#289=LINE('',#2305,#505);
#290=LINE('',#2309,#506);
#291=LINE('',#2311,#507);
#292=LINE('',#2313,#508);
#293=LINE('',#2314,#509);
#294=LINE('',#2317,#510);
#295=LINE('',#2318,#511);
#296=LINE('',#2319,#512);
#297=LINE('',#2321,#513);
#298=LINE('',#2324,#514);
#299=LINE('',#2325,#515);
#300=LINE('',#2327,#516);
#301=LINE('',#2332,#517);
#302=LINE('',#2334,#518);
#303=LINE('',#2336,#519);
#304=LINE('',#2337,#520);
#305=LINE('',#2340,#521);
#306=LINE('',#2342,#522);
#307=LINE('',#2343,#523);
#308=LINE('',#2347,#524);
#309=LINE('',#2349,#525);
#310=LINE('',#2351,#526);
#311=LINE('',#2352,#527);
#312=LINE('',#2355,#528);
#313=LINE('',#2356,#529);
#314=LINE('',#2357,#530);
#315=LINE('',#2359,#531);
#316=LINE('',#2362,#532);
#317=LINE('',#2363,#533);
#318=LINE('',#2365,#534);
#319=LINE('',#2370,#535);
#320=LINE('',#2372,#536);
#321=LINE('',#2374,#537);
#322=LINE('',#2375,#538);
#323=LINE('',#2378,#539);
#324=LINE('',#2380,#540);
#325=LINE('',#2381,#541);
#326=LINE('',#2385,#542);
#327=LINE('',#2387,#543);
#328=LINE('',#2389,#544);
#329=LINE('',#2390,#545);
#330=LINE('',#2393,#546);
#331=LINE('',#2394,#547);
#332=LINE('',#2395,#548);
#333=LINE('',#2397,#549);
#334=LINE('',#2400,#550);
#335=LINE('',#2401,#551);
#336=LINE('',#2403,#552);
#337=LINE('',#2408,#553);
#338=LINE('',#2410,#554);
#339=LINE('',#2412,#555);
#340=LINE('',#2413,#556);
#341=LINE('',#2416,#557);
#342=LINE('',#2418,#558);
#343=LINE('',#2419,#559);
#344=LINE('',#2423,#560);
#345=LINE('',#2425,#561);
#346=LINE('',#2427,#562);
#347=LINE('',#2428,#563);
#348=LINE('',#2431,#564);
#349=LINE('',#2432,#565);
#350=LINE('',#2433,#566);
#351=LINE('',#2435,#567);
#352=LINE('',#2438,#568);
#353=LINE('',#2439,#569);
#354=LINE('',#2441,#570);
#355=LINE('',#2446,#571);
#356=LINE('',#2448,#572);
#357=LINE('',#2450,#573);
#358=LINE('',#2451,#574);
#359=LINE('',#2454,#575);
#360=LINE('',#2456,#576);
#361=LINE('',#2457,#577);
#362=LINE('',#2461,#578);
#363=LINE('',#2463,#579);
#364=LINE('',#2465,#580);
#365=LINE('',#2466,#581);
#366=LINE('',#2468,#582);
#367=LINE('',#2470,#583);
#368=LINE('',#2471,#584);
#369=LINE('',#2473,#585);
#370=LINE('',#2476,#586);
#371=LINE('',#2477,#587);
#372=LINE('',#2479,#588);
#373=LINE('',#2484,#589);
#374=LINE('',#2486,#590);
#375=LINE('',#2488,#591);
#376=LINE('',#2489,#592);
#377=LINE('',#2492,#593);
#378=LINE('',#2494,#594);
#379=LINE('',#2495,#595);
#380=LINE('',#2499,#596);
#381=LINE('',#2501,#597);
#382=LINE('',#2503,#598);
#383=LINE('',#2504,#599);
#384=LINE('',#2506,#600);
#385=LINE('',#2508,#601);
#386=LINE('',#2509,#602);
#387=LINE('',#2511,#603);
#388=LINE('',#2514,#604);
#389=LINE('',#2515,#605);
#390=LINE('',#2517,#606);
#391=LINE('',#2522,#607);
#392=LINE('',#2524,#608);
#393=LINE('',#2526,#609);
#394=LINE('',#2527,#610);
#395=LINE('',#2530,#611);
#396=LINE('',#2532,#612);
#397=LINE('',#2533,#613);
#398=LINE('',#2537,#614);
#399=LINE('',#2539,#615);
#400=LINE('',#2541,#616);
#401=LINE('',#2542,#617);
#402=LINE('',#2544,#618);
#403=LINE('',#2546,#619);
#404=LINE('',#2547,#620);
#405=LINE('',#2549,#621);
#406=LINE('',#2552,#622);
#407=LINE('',#2553,#623);
#408=LINE('',#2555,#624);
#409=LINE('',#2560,#625);
#410=LINE('',#2562,#626);
#411=LINE('',#2564,#627);
#412=LINE('',#2565,#628);
#413=LINE('',#2568,#629);
#414=LINE('',#2570,#630);
#415=LINE('',#2571,#631);
#416=LINE('',#2575,#632);
#417=LINE('',#2577,#633);
#418=LINE('',#2579,#634);
#419=LINE('',#2580,#635);
#420=LINE('',#2582,#636);
#421=LINE('',#2584,#637);
#422=LINE('',#2585,#638);
#423=LINE('',#2587,#639);
#424=LINE('',#2590,#640);
#425=LINE('',#2591,#641);
#426=LINE('',#2593,#642);
#427=LINE('',#2598,#643);
#428=LINE('',#2600,#644);
#429=LINE('',#2602,#645);
#430=LINE('',#2603,#646);
#431=LINE('',#2606,#647);
#432=LINE('',#2608,#648);
#433=LINE('',#2609,#649);
#434=LINE('',#2613,#650);
#435=LINE('',#2615,#651);
#436=LINE('',#2617,#652);
#437=LINE('',#2618,#653);
#438=LINE('',#2620,#654);
#439=LINE('',#2622,#655);
#440=LINE('',#2623,#656);
#441=LINE('',#2625,#657);
#442=LINE('',#2628,#658);
#443=LINE('',#2629,#659);
#444=LINE('',#2631,#660);
#445=VECTOR('',#1770,10.);
#446=VECTOR('',#1771,10.);
#447=VECTOR('',#1772,10.);
#448=VECTOR('',#1773,10.);
#449=VECTOR('',#1776,10.);
#450=VECTOR('',#1777,10.);
#451=VECTOR('',#1778,10.);
#452=VECTOR('',#1781,10.);
#453=VECTOR('',#1782,10.);
#454=VECTOR('',#1783,10.);
#455=VECTOR('',#1786,10.);
#456=VECTOR('',#1787,10.);
#457=VECTOR('',#1788,10.);
#458=VECTOR('',#1789,10.);
#459=VECTOR('',#1792,10.);
#460=VECTOR('',#1793,10.);
#461=VECTOR('',#1794,10.);
#462=VECTOR('',#1795,10.);
#463=VECTOR('',#1798,10.);
#464=VECTOR('',#1799,10.);
#465=VECTOR('',#1802,10.);
#466=VECTOR('',#1805,10.);
#467=VECTOR('',#1806,10.);
#468=VECTOR('',#1809,10.);
#469=VECTOR('',#1814,10.);
#470=VECTOR('',#1815,10.);
#471=VECTOR('',#1816,10.);
#472=VECTOR('',#1817,10.);
#473=VECTOR('',#1820,10.);
#474=VECTOR('',#1821,10.);
#475=VECTOR('',#1822,10.);
#476=VECTOR('',#1825,10.);
#477=VECTOR('',#1826,10.);
#478=VECTOR('',#1827,10.);
#479=VECTOR('',#1830,10.);
#480=VECTOR('',#1831,10.);
#481=VECTOR('',#1838,10.);
#482=VECTOR('',#1839,10.);
#483=VECTOR('',#1840,10.);
#484=VECTOR('',#1841,10.);
#485=VECTOR('',#1844,10.);
#486=VECTOR('',#1845,10.);
#487=VECTOR('',#1846,10.);
#488=VECTOR('',#1849,10.);
#489=VECTOR('',#1850,10.);
#490=VECTOR('',#1851,10.);
#491=VECTOR('',#1852,10.);
#492=VECTOR('',#1855,10.);
#493=VECTOR('',#1856,10.);
#494=VECTOR('',#1857,10.);
#495=VECTOR('',#1860,10.);
#496=VECTOR('',#1863,10.);
#497=VECTOR('',#1864,10.);
#498=VECTOR('',#1867,10.);
#499=VECTOR('',#1872,10.);
#500=VECTOR('',#1873,10.);
#501=VECTOR('',#1874,10.);
#502=VECTOR('',#1875,10.);
#503=VECTOR('',#1878,10.);
#504=VECTOR('',#1879,10.);
#505=VECTOR('',#1880,10.);
#506=VECTOR('',#1883,10.);
#507=VECTOR('',#1884,10.);
#508=VECTOR('',#1885,10.);
#509=VECTOR('',#1886,10.);
#510=VECTOR('',#1889,10.);
#511=VECTOR('',#1890,10.);
#512=VECTOR('',#1891,10.);
#513=VECTOR('',#1894,10.);
#514=VECTOR('',#1897,10.);
#515=VECTOR('',#1898,10.);
#516=VECTOR('',#1901,10.);
#517=VECTOR('',#1906,10.);
#518=VECTOR('',#1907,10.);
#519=VECTOR('',#1908,10.);
#520=VECTOR('',#1909,10.);
#521=VECTOR('',#1912,10.);
#522=VECTOR('',#1913,10.);
#523=VECTOR('',#1914,10.);
#524=VECTOR('',#1917,10.);
#525=VECTOR('',#1918,10.);
#526=VECTOR('',#1919,10.);
#527=VECTOR('',#1920,10.);
#528=VECTOR('',#1923,10.);
#529=VECTOR('',#1924,10.);
#530=VECTOR('',#1925,10.);
#531=VECTOR('',#1928,10.);
#532=VECTOR('',#1931,10.);
#533=VECTOR('',#1932,10.);
#534=VECTOR('',#1935,10.);
#535=VECTOR('',#1940,10.);
#536=VECTOR('',#1941,10.);
#537=VECTOR('',#1942,10.);
#538=VECTOR('',#1943,10.);
#539=VECTOR('',#1946,10.);
#540=VECTOR('',#1947,10.);
#541=VECTOR('',#1948,10.);
#542=VECTOR('',#1951,10.);
#543=VECTOR('',#1952,10.);
#544=VECTOR('',#1953,10.);
#545=VECTOR('',#1954,10.);
#546=VECTOR('',#1957,10.);
#547=VECTOR('',#1958,10.);
#548=VECTOR('',#1959,10.);
#549=VECTOR('',#1962,10.);
#550=VECTOR('',#1965,10.);
#551=VECTOR('',#1966,10.);
#552=VECTOR('',#1969,10.);
#553=VECTOR('',#1974,10.);
#554=VECTOR('',#1975,10.);
#555=VECTOR('',#1976,10.);
#556=VECTOR('',#1977,10.);
#557=VECTOR('',#1980,10.);
#558=VECTOR('',#1981,10.);
#559=VECTOR('',#1982,10.);
#560=VECTOR('',#1985,10.);
#561=VECTOR('',#1986,10.);
#562=VECTOR('',#1987,10.);
#563=VECTOR('',#1988,10.);
#564=VECTOR('',#1991,10.);
#565=VECTOR('',#1992,10.);
#566=VECTOR('',#1993,10.);
#567=VECTOR('',#1996,10.);
#568=VECTOR('',#1999,10.);
#569=VECTOR('',#2000,10.);
#570=VECTOR('',#2003,10.);
#571=VECTOR('',#2008,10.);
#572=VECTOR('',#2009,10.);
#573=VECTOR('',#2010,10.);
#574=VECTOR('',#2011,10.);
#575=VECTOR('',#2014,10.);
#576=VECTOR('',#2015,10.);
#577=VECTOR('',#2016,10.);
#578=VECTOR('',#2019,10.);
#579=VECTOR('',#2020,10.);
#580=VECTOR('',#2021,10.);
#581=VECTOR('',#2022,10.);
#582=VECTOR('',#2025,10.);
#583=VECTOR('',#2026,10.);
#584=VECTOR('',#2027,10.);
#585=VECTOR('',#2030,10.);
#586=VECTOR('',#2033,10.);
#587=VECTOR('',#2034,10.);
#588=VECTOR('',#2037,10.);
#589=VECTOR('',#2042,10.);
#590=VECTOR('',#2043,10.);
#591=VECTOR('',#2044,10.);
#592=VECTOR('',#2045,10.);
#593=VECTOR('',#2048,10.);
#594=VECTOR('',#2049,10.);
#595=VECTOR('',#2050,10.);
#596=VECTOR('',#2053,10.);
#597=VECTOR('',#2054,10.);
#598=VECTOR('',#2055,10.);
#599=VECTOR('',#2056,10.);
#600=VECTOR('',#2059,10.);
#601=VECTOR('',#2060,10.);
#602=VECTOR('',#2061,10.);
#603=VECTOR('',#2064,10.);
#604=VECTOR('',#2067,10.);
#605=VECTOR('',#2068,10.);
#606=VECTOR('',#2071,10.);
#607=VECTOR('',#2076,10.);
#608=VECTOR('',#2077,10.);
#609=VECTOR('',#2078,10.);
#610=VECTOR('',#2079,10.);
#611=VECTOR('',#2082,10.);
#612=VECTOR('',#2083,10.);
#613=VECTOR('',#2084,10.);
#614=VECTOR('',#2087,10.);
#615=VECTOR('',#2088,10.);
#616=VECTOR('',#2089,10.);
#617=VECTOR('',#2090,10.);
#618=VECTOR('',#2093,10.);
#619=VECTOR('',#2094,10.);
#620=VECTOR('',#2095,10.);
#621=VECTOR('',#2098,10.);
#622=VECTOR('',#2101,10.);
#623=VECTOR('',#2102,10.);
#624=VECTOR('',#2105,10.);
#625=VECTOR('',#2110,10.);
#626=VECTOR('',#2111,10.);
#627=VECTOR('',#2112,10.);
#628=VECTOR('',#2113,10.);
#629=VECTOR('',#2116,10.);
#630=VECTOR('',#2117,10.);
#631=VECTOR('',#2118,10.);
#632=VECTOR('',#2121,10.);
#633=VECTOR('',#2122,10.);
#634=VECTOR('',#2123,10.);
#635=VECTOR('',#2124,10.);
#636=VECTOR('',#2127,10.);
#637=VECTOR('',#2128,10.);
#638=VECTOR('',#2129,10.);
#639=VECTOR('',#2132,10.);
#640=VECTOR('',#2135,10.);
#641=VECTOR('',#2136,10.);
#642=VECTOR('',#2139,10.);
#643=VECTOR('',#2144,10.);
#644=VECTOR('',#2145,10.);
#645=VECTOR('',#2146,10.);
#646=VECTOR('',#2147,10.);
#647=VECTOR('',#2150,10.);
#648=VECTOR('',#2151,10.);
#649=VECTOR('',#2152,10.);
#650=VECTOR('',#2155,10.);
#651=VECTOR('',#2156,10.);
#652=VECTOR('',#2157,10.);
#653=VECTOR('',#2158,10.);
#654=VECTOR('',#2161,10.);
#655=VECTOR('',#2162,10.);
#656=VECTOR('',#2163,10.);
#657=VECTOR('',#2166,10.);
#658=VECTOR('',#2169,10.);
#659=VECTOR('',#2170,10.);
#660=VECTOR('',#2173,10.);
#661=VERTEX_POINT('',#2178);
#662=VERTEX_POINT('',#2179);
#663=VERTEX_POINT('',#2181);
#664=VERTEX_POINT('',#2183);
#665=VERTEX_POINT('',#2187);
#666=VERTEX_POINT('',#2189);
#667=VERTEX_POINT('',#2193);
#668=VERTEX_POINT('',#2195);
#669=VERTEX_POINT('',#2199);
#670=VERTEX_POINT('',#2200);
#671=VERTEX_POINT('',#2202);
#672=VERTEX_POINT('',#2204);
#673=VERTEX_POINT('',#2208);
#674=VERTEX_POINT('',#2211);
#675=VERTEX_POINT('',#2215);
#676=VERTEX_POINT('',#2221);
#677=VERTEX_POINT('',#2228);
#678=VERTEX_POINT('',#2229);
#679=VERTEX_POINT('',#2231);
#680=VERTEX_POINT('',#2233);
#681=VERTEX_POINT('',#2237);
#682=VERTEX_POINT('',#2239);
#683=VERTEX_POINT('',#2243);
#684=VERTEX_POINT('',#2245);
#685=VERTEX_POINT('',#2254);
#686=VERTEX_POINT('',#2255);
#687=VERTEX_POINT('',#2257);
#688=VERTEX_POINT('',#2259);
#689=VERTEX_POINT('',#2263);
#690=VERTEX_POINT('',#2265);
#691=VERTEX_POINT('',#2269);
#692=VERTEX_POINT('',#2270);
#693=VERTEX_POINT('',#2272);
#694=VERTEX_POINT('',#2274);
#695=VERTEX_POINT('',#2278);
#696=VERTEX_POINT('',#2285);
#697=VERTEX_POINT('',#2292);
#698=VERTEX_POINT('',#2293);
#699=VERTEX_POINT('',#2295);
#700=VERTEX_POINT('',#2297);
#701=VERTEX_POINT('',#2301);
#702=VERTEX_POINT('',#2303);
#703=VERTEX_POINT('',#2307);
#704=VERTEX_POINT('',#2308);
#705=VERTEX_POINT('',#2310);
#706=VERTEX_POINT('',#2312);
#707=VERTEX_POINT('',#2316);
#708=VERTEX_POINT('',#2323);
#709=VERTEX_POINT('',#2330);
#710=VERTEX_POINT('',#2331);
#711=VERTEX_POINT('',#2333);
#712=VERTEX_POINT('',#2335);
#713=VERTEX_POINT('',#2339);
#714=VERTEX_POINT('',#2341);
#715=VERTEX_POINT('',#2345);
#716=VERTEX_POINT('',#2346);
#717=VERTEX_POINT('',#2348);
#718=VERTEX_POINT('',#2350);
#719=VERTEX_POINT('',#2354);
#720=VERTEX_POINT('',#2361);
#721=VERTEX_POINT('',#2368);
#722=VERTEX_POINT('',#2369);
#723=VERTEX_POINT('',#2371);
#724=VERTEX_POINT('',#2373);
#725=VERTEX_POINT('',#2377);
#726=VERTEX_POINT('',#2379);
#727=VERTEX_POINT('',#2383);
#728=VERTEX_POINT('',#2384);
#729=VERTEX_POINT('',#2386);
#730=VERTEX_POINT('',#2388);
#731=VERTEX_POINT('',#2392);
#732=VERTEX_POINT('',#2399);
#733=VERTEX_POINT('',#2406);
#734=VERTEX_POINT('',#2407);
#735=VERTEX_POINT('',#2409);
#736=VERTEX_POINT('',#2411);
#737=VERTEX_POINT('',#2415);
#738=VERTEX_POINT('',#2417);
#739=VERTEX_POINT('',#2421);
#740=VERTEX_POINT('',#2422);
#741=VERTEX_POINT('',#2424);
#742=VERTEX_POINT('',#2426);
#743=VERTEX_POINT('',#2430);
#744=VERTEX_POINT('',#2437);
#745=VERTEX_POINT('',#2444);
#746=VERTEX_POINT('',#2445);
#747=VERTEX_POINT('',#2447);
#748=VERTEX_POINT('',#2449);
#749=VERTEX_POINT('',#2453);
#750=VERTEX_POINT('',#2455);
#751=VERTEX_POINT('',#2459);
#752=VERTEX_POINT('',#2460);
#753=VERTEX_POINT('',#2462);
#754=VERTEX_POINT('',#2464);
#755=VERTEX_POINT('',#2469);
#756=VERTEX_POINT('',#2475);
#757=VERTEX_POINT('',#2482);
#758=VERTEX_POINT('',#2483);
#759=VERTEX_POINT('',#2485);
#760=VERTEX_POINT('',#2487);
#761=VERTEX_POINT('',#2491);
#762=VERTEX_POINT('',#2493);
#763=VERTEX_POINT('',#2497);
#764=VERTEX_POINT('',#2498);
#765=VERTEX_POINT('',#2500);
#766=VERTEX_POINT('',#2502);
#767=VERTEX_POINT('',#2507);
#768=VERTEX_POINT('',#2513);
#769=VERTEX_POINT('',#2520);
#770=VERTEX_POINT('',#2521);
#771=VERTEX_POINT('',#2523);
#772=VERTEX_POINT('',#2525);
#773=VERTEX_POINT('',#2529);
#774=VERTEX_POINT('',#2531);
#775=VERTEX_POINT('',#2535);
#776=VERTEX_POINT('',#2536);
#777=VERTEX_POINT('',#2538);
#778=VERTEX_POINT('',#2540);
#779=VERTEX_POINT('',#2545);
#780=VERTEX_POINT('',#2551);
#781=VERTEX_POINT('',#2558);
#782=VERTEX_POINT('',#2559);
#783=VERTEX_POINT('',#2561);
#784=VERTEX_POINT('',#2563);
#785=VERTEX_POINT('',#2567);
#786=VERTEX_POINT('',#2569);
#787=VERTEX_POINT('',#2573);
#788=VERTEX_POINT('',#2574);
#789=VERTEX_POINT('',#2576);
#790=VERTEX_POINT('',#2578);
#791=VERTEX_POINT('',#2583);
#792=VERTEX_POINT('',#2589);
#793=VERTEX_POINT('',#2596);
#794=VERTEX_POINT('',#2597);
#795=VERTEX_POINT('',#2599);
#796=VERTEX_POINT('',#2601);
#797=VERTEX_POINT('',#2605);
#798=VERTEX_POINT('',#2607);
#799=VERTEX_POINT('',#2611);
#800=VERTEX_POINT('',#2612);
#801=VERTEX_POINT('',#2614);
#802=VERTEX_POINT('',#2616);
#803=VERTEX_POINT('',#2621);
#804=VERTEX_POINT('',#2627);
#805=EDGE_CURVE('',#661,#662,#229,.T.);
#806=EDGE_CURVE('',#662,#663,#230,.T.);
#807=EDGE_CURVE('',#663,#664,#231,.T.);
#808=EDGE_CURVE('',#664,#661,#232,.T.);
#809=EDGE_CURVE('',#661,#665,#233,.T.);
#810=EDGE_CURVE('',#666,#665,#234,.T.);
#811=EDGE_CURVE('',#666,#662,#235,.T.);
#812=EDGE_CURVE('',#663,#667,#236,.T.);
#813=EDGE_CURVE('',#667,#668,#237,.T.);
#814=EDGE_CURVE('',#664,#668,#238,.T.);
#815=EDGE_CURVE('',#669,#670,#239,.T.);
#816=EDGE_CURVE('',#671,#669,#240,.T.);
#817=EDGE_CURVE('',#672,#671,#241,.T.);
#818=EDGE_CURVE('',#670,#672,#242,.T.);
#819=EDGE_CURVE('',#669,#673,#243,.T.);
#820=EDGE_CURVE('',#665,#673,#244,.T.);
#821=EDGE_CURVE('',#674,#668,#245,.T.);
#822=EDGE_CURVE('',#671,#674,#246,.T.);
#823=EDGE_CURVE('',#675,#670,#247,.T.);
#824=EDGE_CURVE('',#675,#673,#248,.T.);
#825=EDGE_CURVE('',#666,#675,#249,.T.);
#826=EDGE_CURVE('',#672,#676,#250,.T.);
#827=EDGE_CURVE('',#676,#667,#251,.T.);
#828=EDGE_CURVE('',#676,#674,#252,.T.);
#829=EDGE_CURVE('',#677,#678,#253,.T.);
#830=EDGE_CURVE('',#677,#679,#254,.T.);
#831=EDGE_CURVE('',#679,#680,#255,.T.);
#832=EDGE_CURVE('',#678,#680,#256,.T.);
#833=EDGE_CURVE('',#681,#678,#257,.T.);
#834=EDGE_CURVE('',#682,#680,#258,.T.);
#835=EDGE_CURVE('',#681,#682,#259,.T.);
#836=EDGE_CURVE('',#683,#681,#260,.T.);
#837=EDGE_CURVE('',#684,#682,#261,.T.);
#838=EDGE_CURVE('',#683,#684,#262,.T.);
#839=EDGE_CURVE('',#677,#683,#263,.T.);
#840=EDGE_CURVE('',#684,#679,#264,.T.);
#841=EDGE_CURVE('',#685,#686,#265,.T.);
#842=EDGE_CURVE('',#687,#685,#266,.T.);
#843=EDGE_CURVE('',#688,#687,#267,.T.);
#844=EDGE_CURVE('',#688,#686,#268,.T.);
#845=EDGE_CURVE('',#686,#689,#269,.T.);
#846=EDGE_CURVE('',#690,#688,#270,.T.);
#847=EDGE_CURVE('',#689,#690,#271,.T.);
#848=EDGE_CURVE('',#691,#692,#272,.T.);
#849=EDGE_CURVE('',#693,#691,#273,.T.);
#850=EDGE_CURVE('',#694,#693,#274,.T.);
#851=EDGE_CURVE('',#692,#694,#275,.T.);
#852=EDGE_CURVE('',#695,#689,#276,.T.);
#853=EDGE_CURVE('',#695,#691,#277,.T.);
#854=EDGE_CURVE('',#692,#685,#278,.T.);
#855=EDGE_CURVE('',#694,#687,#279,.T.);
#856=EDGE_CURVE('',#696,#690,#280,.T.);
#857=EDGE_CURVE('',#696,#695,#281,.T.);
#858=EDGE_CURVE('',#693,#696,#282,.T.);
#859=EDGE_CURVE('',#697,#698,#283,.T.);
#860=EDGE_CURVE('',#699,#697,#284,.T.);
#861=EDGE_CURVE('',#700,#699,#285,.T.);
#862=EDGE_CURVE('',#700,#698,#286,.T.);
#863=EDGE_CURVE('',#698,#701,#287,.T.);
#864=EDGE_CURVE('',#702,#700,#288,.T.);
#865=EDGE_CURVE('',#701,#702,#289,.T.);
#866=EDGE_CURVE('',#703,#704,#290,.T.);
#867=EDGE_CURVE('',#705,#703,#291,.T.);
#868=EDGE_CURVE('',#706,#705,#292,.T.);
#869=EDGE_CURVE('',#704,#706,#293,.T.);
#870=EDGE_CURVE('',#707,#701,#294,.T.);
#871=EDGE_CURVE('',#707,#703,#295,.T.);
#872=EDGE_CURVE('',#704,#697,#296,.T.);
#873=EDGE_CURVE('',#706,#699,#297,.T.);
#874=EDGE_CURVE('',#708,#702,#298,.T.);
#875=EDGE_CURVE('',#708,#707,#299,.T.);
#876=EDGE_CURVE('',#705,#708,#300,.T.);
#877=EDGE_CURVE('',#709,#710,#301,.T.);
#878=EDGE_CURVE('',#711,#709,#302,.T.);
#879=EDGE_CURVE('',#712,#711,#303,.T.);
#880=EDGE_CURVE('',#712,#710,#304,.T.);
#881=EDGE_CURVE('',#710,#713,#305,.T.);
#882=EDGE_CURVE('',#714,#712,#306,.T.);
#883=EDGE_CURVE('',#713,#714,#307,.T.);
#884=EDGE_CURVE('',#715,#716,#308,.T.);
#885=EDGE_CURVE('',#717,#715,#309,.T.);
#886=EDGE_CURVE('',#718,#717,#310,.T.);
#887=EDGE_CURVE('',#716,#718,#311,.T.);
#888=EDGE_CURVE('',#719,#713,#312,.T.);
#889=EDGE_CURVE('',#719,#715,#313,.T.);
#890=EDGE_CURVE('',#716,#709,#314,.T.);
#891=EDGE_CURVE('',#718,#711,#315,.T.);
#892=EDGE_CURVE('',#720,#714,#316,.T.);
#893=EDGE_CURVE('',#720,#719,#317,.T.);
#894=EDGE_CURVE('',#717,#720,#318,.T.);
#895=EDGE_CURVE('',#721,#722,#319,.T.);
#896=EDGE_CURVE('',#723,#721,#320,.T.);
#897=EDGE_CURVE('',#724,#723,#321,.T.);
#898=EDGE_CURVE('',#724,#722,#322,.T.);
#899=EDGE_CURVE('',#722,#725,#323,.T.);
#900=EDGE_CURVE('',#726,#724,#324,.T.);
#901=EDGE_CURVE('',#725,#726,#325,.T.);
#902=EDGE_CURVE('',#727,#728,#326,.T.);
#903=EDGE_CURVE('',#729,#727,#327,.T.);
#904=EDGE_CURVE('',#730,#729,#328,.T.);
#905=EDGE_CURVE('',#728,#730,#329,.T.);
#906=EDGE_CURVE('',#731,#725,#330,.T.);
#907=EDGE_CURVE('',#731,#727,#331,.T.);
#908=EDGE_CURVE('',#728,#721,#332,.T.);
#909=EDGE_CURVE('',#730,#723,#333,.T.);
#910=EDGE_CURVE('',#732,#726,#334,.T.);
#911=EDGE_CURVE('',#732,#731,#335,.T.);
#912=EDGE_CURVE('',#729,#732,#336,.T.);
#913=EDGE_CURVE('',#733,#734,#337,.T.);
#914=EDGE_CURVE('',#735,#733,#338,.T.);
#915=EDGE_CURVE('',#736,#735,#339,.T.);
#916=EDGE_CURVE('',#736,#734,#340,.T.);
#917=EDGE_CURVE('',#734,#737,#341,.T.);
#918=EDGE_CURVE('',#738,#736,#342,.T.);
#919=EDGE_CURVE('',#737,#738,#343,.T.);
#920=EDGE_CURVE('',#739,#740,#344,.T.);
#921=EDGE_CURVE('',#741,#739,#345,.T.);
#922=EDGE_CURVE('',#742,#741,#346,.T.);
#923=EDGE_CURVE('',#740,#742,#347,.T.);
#924=EDGE_CURVE('',#743,#737,#348,.T.);
#925=EDGE_CURVE('',#743,#739,#349,.T.);
#926=EDGE_CURVE('',#740,#733,#350,.T.);
#927=EDGE_CURVE('',#742,#735,#351,.T.);
#928=EDGE_CURVE('',#744,#738,#352,.T.);
#929=EDGE_CURVE('',#744,#743,#353,.T.);
#930=EDGE_CURVE('',#741,#744,#354,.T.);
#931=EDGE_CURVE('',#745,#746,#355,.T.);
#932=EDGE_CURVE('',#747,#746,#356,.T.);
#933=EDGE_CURVE('',#747,#748,#357,.T.);
#934=EDGE_CURVE('',#748,#745,#358,.T.);
#935=EDGE_CURVE('',#746,#749,#359,.T.);
#936=EDGE_CURVE('',#749,#750,#360,.T.);
#937=EDGE_CURVE('',#750,#747,#361,.T.);
#938=EDGE_CURVE('',#751,#752,#362,.T.);
#939=EDGE_CURVE('',#752,#753,#363,.T.);
#940=EDGE_CURVE('',#753,#754,#364,.T.);
#941=EDGE_CURVE('',#754,#751,#365,.T.);
#942=EDGE_CURVE('',#752,#745,#366,.T.);
#943=EDGE_CURVE('',#755,#751,#367,.T.);
#944=EDGE_CURVE('',#755,#749,#368,.T.);
#945=EDGE_CURVE('',#753,#748,#369,.T.);
#946=EDGE_CURVE('',#756,#755,#370,.T.);
#947=EDGE_CURVE('',#756,#750,#371,.T.);
#948=EDGE_CURVE('',#754,#756,#372,.T.);
#949=EDGE_CURVE('',#757,#758,#373,.T.);
#950=EDGE_CURVE('',#759,#758,#374,.T.);
#951=EDGE_CURVE('',#759,#760,#375,.T.);
#952=EDGE_CURVE('',#760,#757,#376,.T.);
#953=EDGE_CURVE('',#758,#761,#377,.T.);
#954=EDGE_CURVE('',#761,#762,#378,.T.);
#955=EDGE_CURVE('',#762,#759,#379,.T.);
#956=EDGE_CURVE('',#763,#764,#380,.T.);
#957=EDGE_CURVE('',#764,#765,#381,.T.);
#958=EDGE_CURVE('',#765,#766,#382,.T.);
#959=EDGE_CURVE('',#766,#763,#383,.T.);
#960=EDGE_CURVE('',#764,#757,#384,.T.);
#961=EDGE_CURVE('',#767,#763,#385,.T.);
#962=EDGE_CURVE('',#767,#761,#386,.T.);
#963=EDGE_CURVE('',#765,#760,#387,.T.);
#964=EDGE_CURVE('',#768,#767,#388,.T.);
#965=EDGE_CURVE('',#768,#762,#389,.T.);
#966=EDGE_CURVE('',#766,#768,#390,.T.);
#967=EDGE_CURVE('',#769,#770,#391,.T.);
#968=EDGE_CURVE('',#771,#770,#392,.T.);
#969=EDGE_CURVE('',#771,#772,#393,.T.);
#970=EDGE_CURVE('',#772,#769,#394,.T.);
#971=EDGE_CURVE('',#770,#773,#395,.T.);
#972=EDGE_CURVE('',#773,#774,#396,.T.);
#973=EDGE_CURVE('',#774,#771,#397,.T.);
#974=EDGE_CURVE('',#775,#776,#398,.T.);
#975=EDGE_CURVE('',#776,#777,#399,.T.);
#976=EDGE_CURVE('',#777,#778,#400,.T.);
#977=EDGE_CURVE('',#778,#775,#401,.T.);
#978=EDGE_CURVE('',#776,#769,#402,.T.);
#979=EDGE_CURVE('',#779,#775,#403,.T.);
#980=EDGE_CURVE('',#779,#773,#404,.T.);
#981=EDGE_CURVE('',#777,#772,#405,.T.);
#982=EDGE_CURVE('',#780,#779,#406,.T.);
#983=EDGE_CURVE('',#780,#774,#407,.T.);
#984=EDGE_CURVE('',#778,#780,#408,.T.);
#985=EDGE_CURVE('',#781,#782,#409,.T.);
#986=EDGE_CURVE('',#783,#782,#410,.T.);
#987=EDGE_CURVE('',#783,#784,#411,.T.);
#988=EDGE_CURVE('',#784,#781,#412,.T.);
#989=EDGE_CURVE('',#782,#785,#413,.T.);
#990=EDGE_CURVE('',#785,#786,#414,.T.);
#991=EDGE_CURVE('',#786,#783,#415,.T.);
#992=EDGE_CURVE('',#787,#788,#416,.T.);
#993=EDGE_CURVE('',#788,#789,#417,.T.);
#994=EDGE_CURVE('',#789,#790,#418,.T.);
#995=EDGE_CURVE('',#790,#787,#419,.T.);
#996=EDGE_CURVE('',#788,#781,#420,.T.);
#997=EDGE_CURVE('',#791,#787,#421,.T.);
#998=EDGE_CURVE('',#791,#785,#422,.T.);
#999=EDGE_CURVE('',#789,#784,#423,.T.);
#1000=EDGE_CURVE('',#792,#791,#424,.T.);
#1001=EDGE_CURVE('',#792,#786,#425,.T.);
#1002=EDGE_CURVE('',#790,#792,#426,.T.);
#1003=EDGE_CURVE('',#793,#794,#427,.T.);
#1004=EDGE_CURVE('',#795,#794,#428,.T.);
#1005=EDGE_CURVE('',#795,#796,#429,.T.);
#1006=EDGE_CURVE('',#796,#793,#430,.T.);
#1007=EDGE_CURVE('',#794,#797,#431,.T.);
#1008=EDGE_CURVE('',#797,#798,#432,.T.);
#1009=EDGE_CURVE('',#798,#795,#433,.T.);
#1010=EDGE_CURVE('',#799,#800,#434,.T.);
#1011=EDGE_CURVE('',#800,#801,#435,.T.);
#1012=EDGE_CURVE('',#801,#802,#436,.T.);
#1013=EDGE_CURVE('',#802,#799,#437,.T.);
#1014=EDGE_CURVE('',#800,#793,#438,.T.);
#1015=EDGE_CURVE('',#803,#799,#439,.T.);
#1016=EDGE_CURVE('',#803,#797,#440,.T.);
#1017=EDGE_CURVE('',#801,#796,#441,.T.);
#1018=EDGE_CURVE('',#804,#803,#442,.T.);
#1019=EDGE_CURVE('',#804,#798,#443,.T.);
#1020=EDGE_CURVE('',#802,#804,#444,.T.);
#1021=ORIENTED_EDGE('',*,*,#805,.T.);
#1022=ORIENTED_EDGE('',*,*,#806,.T.);
#1023=ORIENTED_EDGE('',*,*,#807,.T.);
#1024=ORIENTED_EDGE('',*,*,#808,.T.);
#1025=ORIENTED_EDGE('',*,*,#805,.F.);
#1026=ORIENTED_EDGE('',*,*,#809,.T.);
#1027=ORIENTED_EDGE('',*,*,#810,.F.);
#1028=ORIENTED_EDGE('',*,*,#811,.T.);
#1029=ORIENTED_EDGE('',*,*,#807,.F.);
#1030=ORIENTED_EDGE('',*,*,#812,.T.);
#1031=ORIENTED_EDGE('',*,*,#813,.T.);
#1032=ORIENTED_EDGE('',*,*,#814,.F.);
#1033=ORIENTED_EDGE('',*,*,#815,.F.);
#1034=ORIENTED_EDGE('',*,*,#816,.F.);
#1035=ORIENTED_EDGE('',*,*,#817,.F.);
#1036=ORIENTED_EDGE('',*,*,#818,.F.);
#1037=ORIENTED_EDGE('',*,*,#816,.T.);
#1038=ORIENTED_EDGE('',*,*,#819,.T.);
#1039=ORIENTED_EDGE('',*,*,#820,.F.);
#1040=ORIENTED_EDGE('',*,*,#809,.F.);
#1041=ORIENTED_EDGE('',*,*,#808,.F.);
#1042=ORIENTED_EDGE('',*,*,#814,.T.);
#1043=ORIENTED_EDGE('',*,*,#821,.F.);
#1044=ORIENTED_EDGE('',*,*,#822,.F.);
#1045=ORIENTED_EDGE('',*,*,#815,.T.);
#1046=ORIENTED_EDGE('',*,*,#823,.F.);
#1047=ORIENTED_EDGE('',*,*,#824,.T.);
#1048=ORIENTED_EDGE('',*,*,#819,.F.);
#1049=ORIENTED_EDGE('',*,*,#825,.F.);
#1050=ORIENTED_EDGE('',*,*,#810,.T.);
#1051=ORIENTED_EDGE('',*,*,#820,.T.);
#1052=ORIENTED_EDGE('',*,*,#824,.F.);
#1053=ORIENTED_EDGE('',*,*,#818,.T.);
#1054=ORIENTED_EDGE('',*,*,#826,.T.);
#1055=ORIENTED_EDGE('',*,*,#827,.T.);
#1056=ORIENTED_EDGE('',*,*,#812,.F.);
#1057=ORIENTED_EDGE('',*,*,#806,.F.);
#1058=ORIENTED_EDGE('',*,*,#811,.F.);
#1059=ORIENTED_EDGE('',*,*,#825,.T.);
#1060=ORIENTED_EDGE('',*,*,#823,.T.);
#1061=ORIENTED_EDGE('',*,*,#817,.T.);
#1062=ORIENTED_EDGE('',*,*,#822,.T.);
#1063=ORIENTED_EDGE('',*,*,#828,.F.);
#1064=ORIENTED_EDGE('',*,*,#826,.F.);
#1065=ORIENTED_EDGE('',*,*,#827,.F.);
#1066=ORIENTED_EDGE('',*,*,#828,.T.);
#1067=ORIENTED_EDGE('',*,*,#821,.T.);
#1068=ORIENTED_EDGE('',*,*,#813,.F.);
#1069=ORIENTED_EDGE('',*,*,#829,.F.);
#1070=ORIENTED_EDGE('',*,*,#830,.T.);
#1071=ORIENTED_EDGE('',*,*,#831,.T.);
#1072=ORIENTED_EDGE('',*,*,#832,.F.);
#1073=ORIENTED_EDGE('',*,*,#833,.T.);
#1074=ORIENTED_EDGE('',*,*,#832,.T.);
#1075=ORIENTED_EDGE('',*,*,#834,.F.);
#1076=ORIENTED_EDGE('',*,*,#835,.F.);
#1077=ORIENTED_EDGE('',*,*,#836,.T.);
#1078=ORIENTED_EDGE('',*,*,#835,.T.);
#1079=ORIENTED_EDGE('',*,*,#837,.F.);
#1080=ORIENTED_EDGE('',*,*,#838,.F.);
#1081=ORIENTED_EDGE('',*,*,#839,.T.);
#1082=ORIENTED_EDGE('',*,*,#838,.T.);
#1083=ORIENTED_EDGE('',*,*,#840,.T.);
#1084=ORIENTED_EDGE('',*,*,#830,.F.);
#1085=ORIENTED_EDGE('',*,*,#840,.F.);
#1086=ORIENTED_EDGE('',*,*,#837,.T.);
#1087=ORIENTED_EDGE('',*,*,#834,.T.);
#1088=ORIENTED_EDGE('',*,*,#831,.F.);
#1089=ORIENTED_EDGE('',*,*,#839,.F.);
#1090=ORIENTED_EDGE('',*,*,#829,.T.);
#1091=ORIENTED_EDGE('',*,*,#833,.F.);
#1092=ORIENTED_EDGE('',*,*,#836,.F.);
#1093=ORIENTED_EDGE('',*,*,#841,.F.);
#1094=ORIENTED_EDGE('',*,*,#842,.F.);
#1095=ORIENTED_EDGE('',*,*,#843,.F.);
#1096=ORIENTED_EDGE('',*,*,#844,.T.);
#1097=ORIENTED_EDGE('',*,*,#845,.F.);
#1098=ORIENTED_EDGE('',*,*,#844,.F.);
#1099=ORIENTED_EDGE('',*,*,#846,.F.);
#1100=ORIENTED_EDGE('',*,*,#847,.F.);
#1101=ORIENTED_EDGE('',*,*,#848,.F.);
#1102=ORIENTED_EDGE('',*,*,#849,.F.);
#1103=ORIENTED_EDGE('',*,*,#850,.F.);
#1104=ORIENTED_EDGE('',*,*,#851,.F.);
#1105=ORIENTED_EDGE('',*,*,#841,.T.);
#1106=ORIENTED_EDGE('',*,*,#845,.T.);
#1107=ORIENTED_EDGE('',*,*,#852,.F.);
#1108=ORIENTED_EDGE('',*,*,#853,.T.);
#1109=ORIENTED_EDGE('',*,*,#848,.T.);
#1110=ORIENTED_EDGE('',*,*,#854,.T.);
#1111=ORIENTED_EDGE('',*,*,#842,.T.);
#1112=ORIENTED_EDGE('',*,*,#854,.F.);
#1113=ORIENTED_EDGE('',*,*,#851,.T.);
#1114=ORIENTED_EDGE('',*,*,#855,.T.);
#1115=ORIENTED_EDGE('',*,*,#847,.T.);
#1116=ORIENTED_EDGE('',*,*,#856,.F.);
#1117=ORIENTED_EDGE('',*,*,#857,.T.);
#1118=ORIENTED_EDGE('',*,*,#852,.T.);
#1119=ORIENTED_EDGE('',*,*,#843,.T.);
#1120=ORIENTED_EDGE('',*,*,#855,.F.);
#1121=ORIENTED_EDGE('',*,*,#850,.T.);
#1122=ORIENTED_EDGE('',*,*,#858,.T.);
#1123=ORIENTED_EDGE('',*,*,#856,.T.);
#1124=ORIENTED_EDGE('',*,*,#846,.T.);
#1125=ORIENTED_EDGE('',*,*,#849,.T.);
#1126=ORIENTED_EDGE('',*,*,#853,.F.);
#1127=ORIENTED_EDGE('',*,*,#857,.F.);
#1128=ORIENTED_EDGE('',*,*,#858,.F.);
#1129=ORIENTED_EDGE('',*,*,#859,.F.);
#1130=ORIENTED_EDGE('',*,*,#860,.F.);
#1131=ORIENTED_EDGE('',*,*,#861,.F.);
#1132=ORIENTED_EDGE('',*,*,#862,.T.);
#1133=ORIENTED_EDGE('',*,*,#863,.F.);
#1134=ORIENTED_EDGE('',*,*,#862,.F.);
#1135=ORIENTED_EDGE('',*,*,#864,.F.);
#1136=ORIENTED_EDGE('',*,*,#865,.F.);
#1137=ORIENTED_EDGE('',*,*,#866,.F.);
#1138=ORIENTED_EDGE('',*,*,#867,.F.);
#1139=ORIENTED_EDGE('',*,*,#868,.F.);
#1140=ORIENTED_EDGE('',*,*,#869,.F.);
#1141=ORIENTED_EDGE('',*,*,#859,.T.);
#1142=ORIENTED_EDGE('',*,*,#863,.T.);
#1143=ORIENTED_EDGE('',*,*,#870,.F.);
#1144=ORIENTED_EDGE('',*,*,#871,.T.);
#1145=ORIENTED_EDGE('',*,*,#866,.T.);
#1146=ORIENTED_EDGE('',*,*,#872,.T.);
#1147=ORIENTED_EDGE('',*,*,#860,.T.);
#1148=ORIENTED_EDGE('',*,*,#872,.F.);
#1149=ORIENTED_EDGE('',*,*,#869,.T.);
#1150=ORIENTED_EDGE('',*,*,#873,.T.);
#1151=ORIENTED_EDGE('',*,*,#865,.T.);
#1152=ORIENTED_EDGE('',*,*,#874,.F.);
#1153=ORIENTED_EDGE('',*,*,#875,.T.);
#1154=ORIENTED_EDGE('',*,*,#870,.T.);
#1155=ORIENTED_EDGE('',*,*,#861,.T.);
#1156=ORIENTED_EDGE('',*,*,#873,.F.);
#1157=ORIENTED_EDGE('',*,*,#868,.T.);
#1158=ORIENTED_EDGE('',*,*,#876,.T.);
#1159=ORIENTED_EDGE('',*,*,#874,.T.);
#1160=ORIENTED_EDGE('',*,*,#864,.T.);
#1161=ORIENTED_EDGE('',*,*,#867,.T.);
#1162=ORIENTED_EDGE('',*,*,#871,.F.);
#1163=ORIENTED_EDGE('',*,*,#875,.F.);
#1164=ORIENTED_EDGE('',*,*,#876,.F.);
#1165=ORIENTED_EDGE('',*,*,#877,.F.);
#1166=ORIENTED_EDGE('',*,*,#878,.F.);
#1167=ORIENTED_EDGE('',*,*,#879,.F.);
#1168=ORIENTED_EDGE('',*,*,#880,.T.);
#1169=ORIENTED_EDGE('',*,*,#881,.F.);
#1170=ORIENTED_EDGE('',*,*,#880,.F.);
#1171=ORIENTED_EDGE('',*,*,#882,.F.);
#1172=ORIENTED_EDGE('',*,*,#883,.F.);
#1173=ORIENTED_EDGE('',*,*,#884,.F.);
#1174=ORIENTED_EDGE('',*,*,#885,.F.);
#1175=ORIENTED_EDGE('',*,*,#886,.F.);
#1176=ORIENTED_EDGE('',*,*,#887,.F.);
#1177=ORIENTED_EDGE('',*,*,#877,.T.);
#1178=ORIENTED_EDGE('',*,*,#881,.T.);
#1179=ORIENTED_EDGE('',*,*,#888,.F.);
#1180=ORIENTED_EDGE('',*,*,#889,.T.);
#1181=ORIENTED_EDGE('',*,*,#884,.T.);
#1182=ORIENTED_EDGE('',*,*,#890,.T.);
#1183=ORIENTED_EDGE('',*,*,#878,.T.);
#1184=ORIENTED_EDGE('',*,*,#890,.F.);
#1185=ORIENTED_EDGE('',*,*,#887,.T.);
#1186=ORIENTED_EDGE('',*,*,#891,.T.);
#1187=ORIENTED_EDGE('',*,*,#883,.T.);
#1188=ORIENTED_EDGE('',*,*,#892,.F.);
#1189=ORIENTED_EDGE('',*,*,#893,.T.);
#1190=ORIENTED_EDGE('',*,*,#888,.T.);
#1191=ORIENTED_EDGE('',*,*,#879,.T.);
#1192=ORIENTED_EDGE('',*,*,#891,.F.);
#1193=ORIENTED_EDGE('',*,*,#886,.T.);
#1194=ORIENTED_EDGE('',*,*,#894,.T.);
#1195=ORIENTED_EDGE('',*,*,#892,.T.);
#1196=ORIENTED_EDGE('',*,*,#882,.T.);
#1197=ORIENTED_EDGE('',*,*,#885,.T.);
#1198=ORIENTED_EDGE('',*,*,#889,.F.);
#1199=ORIENTED_EDGE('',*,*,#893,.F.);
#1200=ORIENTED_EDGE('',*,*,#894,.F.);
#1201=ORIENTED_EDGE('',*,*,#895,.F.);
#1202=ORIENTED_EDGE('',*,*,#896,.F.);
#1203=ORIENTED_EDGE('',*,*,#897,.F.);
#1204=ORIENTED_EDGE('',*,*,#898,.T.);
#1205=ORIENTED_EDGE('',*,*,#899,.F.);
#1206=ORIENTED_EDGE('',*,*,#898,.F.);
#1207=ORIENTED_EDGE('',*,*,#900,.F.);
#1208=ORIENTED_EDGE('',*,*,#901,.F.);
#1209=ORIENTED_EDGE('',*,*,#902,.F.);
#1210=ORIENTED_EDGE('',*,*,#903,.F.);
#1211=ORIENTED_EDGE('',*,*,#904,.F.);
#1212=ORIENTED_EDGE('',*,*,#905,.F.);
#1213=ORIENTED_EDGE('',*,*,#895,.T.);
#1214=ORIENTED_EDGE('',*,*,#899,.T.);
#1215=ORIENTED_EDGE('',*,*,#906,.F.);
#1216=ORIENTED_EDGE('',*,*,#907,.T.);
#1217=ORIENTED_EDGE('',*,*,#902,.T.);
#1218=ORIENTED_EDGE('',*,*,#908,.T.);
#1219=ORIENTED_EDGE('',*,*,#896,.T.);
#1220=ORIENTED_EDGE('',*,*,#908,.F.);
#1221=ORIENTED_EDGE('',*,*,#905,.T.);
#1222=ORIENTED_EDGE('',*,*,#909,.T.);
#1223=ORIENTED_EDGE('',*,*,#901,.T.);
#1224=ORIENTED_EDGE('',*,*,#910,.F.);
#1225=ORIENTED_EDGE('',*,*,#911,.T.);
#1226=ORIENTED_EDGE('',*,*,#906,.T.);
#1227=ORIENTED_EDGE('',*,*,#897,.T.);
#1228=ORIENTED_EDGE('',*,*,#909,.F.);
#1229=ORIENTED_EDGE('',*,*,#904,.T.);
#1230=ORIENTED_EDGE('',*,*,#912,.T.);
#1231=ORIENTED_EDGE('',*,*,#910,.T.);
#1232=ORIENTED_EDGE('',*,*,#900,.T.);
#1233=ORIENTED_EDGE('',*,*,#903,.T.);
#1234=ORIENTED_EDGE('',*,*,#907,.F.);
#1235=ORIENTED_EDGE('',*,*,#911,.F.);
#1236=ORIENTED_EDGE('',*,*,#912,.F.);
#1237=ORIENTED_EDGE('',*,*,#913,.F.);
#1238=ORIENTED_EDGE('',*,*,#914,.F.);
#1239=ORIENTED_EDGE('',*,*,#915,.F.);
#1240=ORIENTED_EDGE('',*,*,#916,.T.);
#1241=ORIENTED_EDGE('',*,*,#917,.F.);
#1242=ORIENTED_EDGE('',*,*,#916,.F.);
#1243=ORIENTED_EDGE('',*,*,#918,.F.);
#1244=ORIENTED_EDGE('',*,*,#919,.F.);
#1245=ORIENTED_EDGE('',*,*,#920,.F.);
#1246=ORIENTED_EDGE('',*,*,#921,.F.);
#1247=ORIENTED_EDGE('',*,*,#922,.F.);
#1248=ORIENTED_EDGE('',*,*,#923,.F.);
#1249=ORIENTED_EDGE('',*,*,#913,.T.);
#1250=ORIENTED_EDGE('',*,*,#917,.T.);
#1251=ORIENTED_EDGE('',*,*,#924,.F.);
#1252=ORIENTED_EDGE('',*,*,#925,.T.);
#1253=ORIENTED_EDGE('',*,*,#920,.T.);
#1254=ORIENTED_EDGE('',*,*,#926,.T.);
#1255=ORIENTED_EDGE('',*,*,#914,.T.);
#1256=ORIENTED_EDGE('',*,*,#926,.F.);
#1257=ORIENTED_EDGE('',*,*,#923,.T.);
#1258=ORIENTED_EDGE('',*,*,#927,.T.);
#1259=ORIENTED_EDGE('',*,*,#919,.T.);
#1260=ORIENTED_EDGE('',*,*,#928,.F.);
#1261=ORIENTED_EDGE('',*,*,#929,.T.);
#1262=ORIENTED_EDGE('',*,*,#924,.T.);
#1263=ORIENTED_EDGE('',*,*,#915,.T.);
#1264=ORIENTED_EDGE('',*,*,#927,.F.);
#1265=ORIENTED_EDGE('',*,*,#922,.T.);
#1266=ORIENTED_EDGE('',*,*,#930,.T.);
#1267=ORIENTED_EDGE('',*,*,#928,.T.);
#1268=ORIENTED_EDGE('',*,*,#918,.T.);
#1269=ORIENTED_EDGE('',*,*,#921,.T.);
#1270=ORIENTED_EDGE('',*,*,#925,.F.);
#1271=ORIENTED_EDGE('',*,*,#929,.F.);
#1272=ORIENTED_EDGE('',*,*,#930,.F.);
#1273=ORIENTED_EDGE('',*,*,#931,.T.);
#1274=ORIENTED_EDGE('',*,*,#932,.F.);
#1275=ORIENTED_EDGE('',*,*,#933,.T.);
#1276=ORIENTED_EDGE('',*,*,#934,.T.);
#1277=ORIENTED_EDGE('',*,*,#935,.T.);
#1278=ORIENTED_EDGE('',*,*,#936,.T.);
#1279=ORIENTED_EDGE('',*,*,#937,.T.);
#1280=ORIENTED_EDGE('',*,*,#932,.T.);
#1281=ORIENTED_EDGE('',*,*,#938,.T.);
#1282=ORIENTED_EDGE('',*,*,#939,.T.);
#1283=ORIENTED_EDGE('',*,*,#940,.T.);
#1284=ORIENTED_EDGE('',*,*,#941,.T.);
#1285=ORIENTED_EDGE('',*,*,#931,.F.);
#1286=ORIENTED_EDGE('',*,*,#942,.F.);
#1287=ORIENTED_EDGE('',*,*,#938,.F.);
#1288=ORIENTED_EDGE('',*,*,#943,.F.);
#1289=ORIENTED_EDGE('',*,*,#944,.T.);
#1290=ORIENTED_EDGE('',*,*,#935,.F.);
#1291=ORIENTED_EDGE('',*,*,#934,.F.);
#1292=ORIENTED_EDGE('',*,*,#945,.F.);
#1293=ORIENTED_EDGE('',*,*,#939,.F.);
#1294=ORIENTED_EDGE('',*,*,#942,.T.);
#1295=ORIENTED_EDGE('',*,*,#936,.F.);
#1296=ORIENTED_EDGE('',*,*,#944,.F.);
#1297=ORIENTED_EDGE('',*,*,#946,.F.);
#1298=ORIENTED_EDGE('',*,*,#947,.T.);
#1299=ORIENTED_EDGE('',*,*,#933,.F.);
#1300=ORIENTED_EDGE('',*,*,#937,.F.);
#1301=ORIENTED_EDGE('',*,*,#947,.F.);
#1302=ORIENTED_EDGE('',*,*,#948,.F.);
#1303=ORIENTED_EDGE('',*,*,#940,.F.);
#1304=ORIENTED_EDGE('',*,*,#945,.T.);
#1305=ORIENTED_EDGE('',*,*,#941,.F.);
#1306=ORIENTED_EDGE('',*,*,#948,.T.);
#1307=ORIENTED_EDGE('',*,*,#946,.T.);
#1308=ORIENTED_EDGE('',*,*,#943,.T.);
#1309=ORIENTED_EDGE('',*,*,#949,.T.);
#1310=ORIENTED_EDGE('',*,*,#950,.F.);
#1311=ORIENTED_EDGE('',*,*,#951,.T.);
#1312=ORIENTED_EDGE('',*,*,#952,.T.);
#1313=ORIENTED_EDGE('',*,*,#953,.T.);
#1314=ORIENTED_EDGE('',*,*,#954,.T.);
#1315=ORIENTED_EDGE('',*,*,#955,.T.);
#1316=ORIENTED_EDGE('',*,*,#950,.T.);
#1317=ORIENTED_EDGE('',*,*,#956,.T.);
#1318=ORIENTED_EDGE('',*,*,#957,.T.);
#1319=ORIENTED_EDGE('',*,*,#958,.T.);
#1320=ORIENTED_EDGE('',*,*,#959,.T.);
#1321=ORIENTED_EDGE('',*,*,#949,.F.);
#1322=ORIENTED_EDGE('',*,*,#960,.F.);
#1323=ORIENTED_EDGE('',*,*,#956,.F.);
#1324=ORIENTED_EDGE('',*,*,#961,.F.);
#1325=ORIENTED_EDGE('',*,*,#962,.T.);
#1326=ORIENTED_EDGE('',*,*,#953,.F.);
#1327=ORIENTED_EDGE('',*,*,#952,.F.);
#1328=ORIENTED_EDGE('',*,*,#963,.F.);
#1329=ORIENTED_EDGE('',*,*,#957,.F.);
#1330=ORIENTED_EDGE('',*,*,#960,.T.);
#1331=ORIENTED_EDGE('',*,*,#954,.F.);
#1332=ORIENTED_EDGE('',*,*,#962,.F.);
#1333=ORIENTED_EDGE('',*,*,#964,.F.);
#1334=ORIENTED_EDGE('',*,*,#965,.T.);
#1335=ORIENTED_EDGE('',*,*,#951,.F.);
#1336=ORIENTED_EDGE('',*,*,#955,.F.);
#1337=ORIENTED_EDGE('',*,*,#965,.F.);
#1338=ORIENTED_EDGE('',*,*,#966,.F.);
#1339=ORIENTED_EDGE('',*,*,#958,.F.);
#1340=ORIENTED_EDGE('',*,*,#963,.T.);
#1341=ORIENTED_EDGE('',*,*,#959,.F.);
#1342=ORIENTED_EDGE('',*,*,#966,.T.);
#1343=ORIENTED_EDGE('',*,*,#964,.T.);
#1344=ORIENTED_EDGE('',*,*,#961,.T.);
#1345=ORIENTED_EDGE('',*,*,#967,.T.);
#1346=ORIENTED_EDGE('',*,*,#968,.F.);
#1347=ORIENTED_EDGE('',*,*,#969,.T.);
#1348=ORIENTED_EDGE('',*,*,#970,.T.);
#1349=ORIENTED_EDGE('',*,*,#971,.T.);
#1350=ORIENTED_EDGE('',*,*,#972,.T.);
#1351=ORIENTED_EDGE('',*,*,#973,.T.);
#1352=ORIENTED_EDGE('',*,*,#968,.T.);
#1353=ORIENTED_EDGE('',*,*,#974,.T.);
#1354=ORIENTED_EDGE('',*,*,#975,.T.);
#1355=ORIENTED_EDGE('',*,*,#976,.T.);
#1356=ORIENTED_EDGE('',*,*,#977,.T.);
#1357=ORIENTED_EDGE('',*,*,#967,.F.);
#1358=ORIENTED_EDGE('',*,*,#978,.F.);
#1359=ORIENTED_EDGE('',*,*,#974,.F.);
#1360=ORIENTED_EDGE('',*,*,#979,.F.);
#1361=ORIENTED_EDGE('',*,*,#980,.T.);
#1362=ORIENTED_EDGE('',*,*,#971,.F.);
#1363=ORIENTED_EDGE('',*,*,#970,.F.);
#1364=ORIENTED_EDGE('',*,*,#981,.F.);
#1365=ORIENTED_EDGE('',*,*,#975,.F.);
#1366=ORIENTED_EDGE('',*,*,#978,.T.);
#1367=ORIENTED_EDGE('',*,*,#972,.F.);
#1368=ORIENTED_EDGE('',*,*,#980,.F.);
#1369=ORIENTED_EDGE('',*,*,#982,.F.);
#1370=ORIENTED_EDGE('',*,*,#983,.T.);
#1371=ORIENTED_EDGE('',*,*,#969,.F.);
#1372=ORIENTED_EDGE('',*,*,#973,.F.);
#1373=ORIENTED_EDGE('',*,*,#983,.F.);
#1374=ORIENTED_EDGE('',*,*,#984,.F.);
#1375=ORIENTED_EDGE('',*,*,#976,.F.);
#1376=ORIENTED_EDGE('',*,*,#981,.T.);
#1377=ORIENTED_EDGE('',*,*,#977,.F.);
#1378=ORIENTED_EDGE('',*,*,#984,.T.);
#1379=ORIENTED_EDGE('',*,*,#982,.T.);
#1380=ORIENTED_EDGE('',*,*,#979,.T.);
#1381=ORIENTED_EDGE('',*,*,#985,.T.);
#1382=ORIENTED_EDGE('',*,*,#986,.F.);
#1383=ORIENTED_EDGE('',*,*,#987,.T.);
#1384=ORIENTED_EDGE('',*,*,#988,.T.);
#1385=ORIENTED_EDGE('',*,*,#989,.T.);
#1386=ORIENTED_EDGE('',*,*,#990,.T.);
#1387=ORIENTED_EDGE('',*,*,#991,.T.);
#1388=ORIENTED_EDGE('',*,*,#986,.T.);
#1389=ORIENTED_EDGE('',*,*,#992,.T.);
#1390=ORIENTED_EDGE('',*,*,#993,.T.);
#1391=ORIENTED_EDGE('',*,*,#994,.T.);
#1392=ORIENTED_EDGE('',*,*,#995,.T.);
#1393=ORIENTED_EDGE('',*,*,#985,.F.);
#1394=ORIENTED_EDGE('',*,*,#996,.F.);
#1395=ORIENTED_EDGE('',*,*,#992,.F.);
#1396=ORIENTED_EDGE('',*,*,#997,.F.);
#1397=ORIENTED_EDGE('',*,*,#998,.T.);
#1398=ORIENTED_EDGE('',*,*,#989,.F.);
#1399=ORIENTED_EDGE('',*,*,#988,.F.);
#1400=ORIENTED_EDGE('',*,*,#999,.F.);
#1401=ORIENTED_EDGE('',*,*,#993,.F.);
#1402=ORIENTED_EDGE('',*,*,#996,.T.);
#1403=ORIENTED_EDGE('',*,*,#990,.F.);
#1404=ORIENTED_EDGE('',*,*,#998,.F.);
#1405=ORIENTED_EDGE('',*,*,#1000,.F.);
#1406=ORIENTED_EDGE('',*,*,#1001,.T.);
#1407=ORIENTED_EDGE('',*,*,#987,.F.);
#1408=ORIENTED_EDGE('',*,*,#991,.F.);
#1409=ORIENTED_EDGE('',*,*,#1001,.F.);
#1410=ORIENTED_EDGE('',*,*,#1002,.F.);
#1411=ORIENTED_EDGE('',*,*,#994,.F.);
#1412=ORIENTED_EDGE('',*,*,#999,.T.);
#1413=ORIENTED_EDGE('',*,*,#995,.F.);
#1414=ORIENTED_EDGE('',*,*,#1002,.T.);
#1415=ORIENTED_EDGE('',*,*,#1000,.T.);
#1416=ORIENTED_EDGE('',*,*,#997,.T.);
#1417=ORIENTED_EDGE('',*,*,#1003,.T.);
#1418=ORIENTED_EDGE('',*,*,#1004,.F.);
#1419=ORIENTED_EDGE('',*,*,#1005,.T.);
#1420=ORIENTED_EDGE('',*,*,#1006,.T.);
#1421=ORIENTED_EDGE('',*,*,#1007,.T.);
#1422=ORIENTED_EDGE('',*,*,#1008,.T.);
#1423=ORIENTED_EDGE('',*,*,#1009,.T.);
#1424=ORIENTED_EDGE('',*,*,#1004,.T.);
#1425=ORIENTED_EDGE('',*,*,#1010,.T.);
#1426=ORIENTED_EDGE('',*,*,#1011,.T.);
#1427=ORIENTED_EDGE('',*,*,#1012,.T.);
#1428=ORIENTED_EDGE('',*,*,#1013,.T.);
#1429=ORIENTED_EDGE('',*,*,#1003,.F.);
#1430=ORIENTED_EDGE('',*,*,#1014,.F.);
#1431=ORIENTED_EDGE('',*,*,#1010,.F.);
#1432=ORIENTED_EDGE('',*,*,#1015,.F.);
#1433=ORIENTED_EDGE('',*,*,#1016,.T.);
#1434=ORIENTED_EDGE('',*,*,#1007,.F.);
#1435=ORIENTED_EDGE('',*,*,#1006,.F.);
#1436=ORIENTED_EDGE('',*,*,#1017,.F.);
#1437=ORIENTED_EDGE('',*,*,#1011,.F.);
#1438=ORIENTED_EDGE('',*,*,#1014,.T.);
#1439=ORIENTED_EDGE('',*,*,#1008,.F.);
#1440=ORIENTED_EDGE('',*,*,#1016,.F.);
#1441=ORIENTED_EDGE('',*,*,#1018,.F.);
#1442=ORIENTED_EDGE('',*,*,#1019,.T.);
#1443=ORIENTED_EDGE('',*,*,#1005,.F.);
#1444=ORIENTED_EDGE('',*,*,#1009,.F.);
#1445=ORIENTED_EDGE('',*,*,#1019,.F.);
#1446=ORIENTED_EDGE('',*,*,#1020,.F.);
#1447=ORIENTED_EDGE('',*,*,#1012,.F.);
#1448=ORIENTED_EDGE('',*,*,#1017,.T.);
#1449=ORIENTED_EDGE('',*,*,#1013,.F.);
#1450=ORIENTED_EDGE('',*,*,#1020,.T.);
#1451=ORIENTED_EDGE('',*,*,#1018,.T.);
#1452=ORIENTED_EDGE('',*,*,#1015,.T.);
#1453=PLANE('',#1670);
#1454=PLANE('',#1671);
#1455=PLANE('',#1672);
#1456=PLANE('',#1673);
#1457=PLANE('',#1674);
#1458=PLANE('',#1675);
#1459=PLANE('',#1676);
#1460=PLANE('',#1677);
#1461=PLANE('',#1678);
#1462=PLANE('',#1679);
#1463=PLANE('',#1680);
#1464=PLANE('',#1681);
#1465=PLANE('',#1682);
#1466=PLANE('',#1683);
#1467=PLANE('',#1684);
#1468=PLANE('',#1685);
#1469=PLANE('',#1686);
#1470=PLANE('',#1687);
#1471=PLANE('',#1688);
#1472=PLANE('',#1689);
#1473=PLANE('',#1690);
#1474=PLANE('',#1691);
#1475=PLANE('',#1692);
#1476=PLANE('',#1693);
#1477=PLANE('',#1694);
#1478=PLANE('',#1695);
#1479=PLANE('',#1696);
#1480=PLANE('',#1697);
#1481=PLANE('',#1698);
#1482=PLANE('',#1699);
#1483=PLANE('',#1700);
#1484=PLANE('',#1701);
#1485=PLANE('',#1702);
#1486=PLANE('',#1703);
#1487=PLANE('',#1704);
#1488=PLANE('',#1705);
#1489=PLANE('',#1706);
#1490=PLANE('',#1707);
#1491=PLANE('',#1708);
#1492=PLANE('',#1709);
#1493=PLANE('',#1710);
#1494=PLANE('',#1711);
#1495=PLANE('',#1712);
#1496=PLANE('',#1713);
#1497=PLANE('',#1714);
#1498=PLANE('',#1715);
#1499=PLANE('',#1716);
#1500=PLANE('',#1717);
#1501=PLANE('',#1718);
#1502=PLANE('',#1719);
#1503=PLANE('',#1720);
#1504=PLANE('',#1721);
#1505=PLANE('',#1722);
#1506=PLANE('',#1723);
#1507=PLANE('',#1724);
#1508=PLANE('',#1725);
#1509=PLANE('',#1726);
#1510=PLANE('',#1727);
#1511=PLANE('',#1728);
#1512=PLANE('',#1729);
#1513=PLANE('',#1730);
#1514=PLANE('',#1731);
#1515=PLANE('',#1732);
#1516=PLANE('',#1733);
#1517=PLANE('',#1734);
#1518=PLANE('',#1735);
#1519=PLANE('',#1736);
#1520=PLANE('',#1737);
#1521=PLANE('',#1738);
#1522=PLANE('',#1739);
#1523=PLANE('',#1740);
#1524=PLANE('',#1741);
#1525=PLANE('',#1742);
#1526=PLANE('',#1743);
#1527=PLANE('',#1744);
#1528=PLANE('',#1745);
#1529=PLANE('',#1746);
#1530=PLANE('',#1747);
#1531=PLANE('',#1748);
#1532=PLANE('',#1749);
#1533=PLANE('',#1750);
#1534=PLANE('',#1751);
#1535=PLANE('',#1752);
#1536=PLANE('',#1753);
#1537=PLANE('',#1754);
#1538=PLANE('',#1755);
#1539=PLANE('',#1756);
#1540=PLANE('',#1757);
#1541=PLANE('',#1758);
#1542=PLANE('',#1759);
#1543=PLANE('',#1760);
#1544=PLANE('',#1761);
#1545=PLANE('',#1762);
#1546=PLANE('',#1763);
#1547=PLANE('',#1764);
#1548=PLANE('',#1765);
#1549=ADVANCED_FACE('',(#37),#1453,.T.);
#1550=ADVANCED_FACE('',(#38),#1454,.T.);
#1551=ADVANCED_FACE('',(#39),#1455,.F.);
#1552=ADVANCED_FACE('',(#40),#1456,.F.);
#1553=ADVANCED_FACE('',(#41),#1457,.T.);
#1554=ADVANCED_FACE('',(#42),#1458,.F.);
#1555=ADVANCED_FACE('',(#43),#1459,.F.);
#1556=ADVANCED_FACE('',(#44),#1460,.T.);
#1557=ADVANCED_FACE('',(#45),#1461,.T.);
#1558=ADVANCED_FACE('',(#46),#1462,.T.);
#1559=ADVANCED_FACE('',(#47),#1463,.F.);
#1560=ADVANCED_FACE('',(#48),#1464,.T.);
#1561=ADVANCED_FACE('',(#49),#1465,.T.);
#1562=ADVANCED_FACE('',(#50),#1466,.T.);
#1563=ADVANCED_FACE('',(#51),#1467,.T.);
#1564=ADVANCED_FACE('',(#52),#1468,.F.);
#1565=ADVANCED_FACE('',(#53),#1469,.F.);
#1566=ADVANCED_FACE('',(#54),#1470,.F.);
#1567=ADVANCED_FACE('',(#55),#1471,.F.);
#1568=ADVANCED_FACE('',(#56),#1472,.T.);
#1569=ADVANCED_FACE('',(#57),#1473,.T.);
#1570=ADVANCED_FACE('',(#58),#1474,.T.);
#1571=ADVANCED_FACE('',(#59),#1475,.T.);
#1572=ADVANCED_FACE('',(#60),#1476,.F.);
#1573=ADVANCED_FACE('',(#61),#1477,.F.);
#1574=ADVANCED_FACE('',(#62),#1478,.F.);
#1575=ADVANCED_FACE('',(#63),#1479,.F.);
#1576=ADVANCED_FACE('',(#64),#1480,.T.);
#1577=ADVANCED_FACE('',(#65),#1481,.T.);
#1578=ADVANCED_FACE('',(#66),#1482,.T.);
#1579=ADVANCED_FACE('',(#67),#1483,.T.);
#1580=ADVANCED_FACE('',(#68),#1484,.F.);
#1581=ADVANCED_FACE('',(#69),#1485,.F.);
#1582=ADVANCED_FACE('',(#70),#1486,.F.);
#1583=ADVANCED_FACE('',(#71),#1487,.F.);
#1584=ADVANCED_FACE('',(#72),#1488,.T.);
#1585=ADVANCED_FACE('',(#73),#1489,.T.);
#1586=ADVANCED_FACE('',(#74),#1490,.T.);
#1587=ADVANCED_FACE('',(#75),#1491,.T.);
#1588=ADVANCED_FACE('',(#76),#1492,.F.);
#1589=ADVANCED_FACE('',(#77),#1493,.F.);
#1590=ADVANCED_FACE('',(#78),#1494,.F.);
#1591=ADVANCED_FACE('',(#79),#1495,.F.);
#1592=ADVANCED_FACE('',(#80),#1496,.T.);
#1593=ADVANCED_FACE('',(#81),#1497,.T.);
#1594=ADVANCED_FACE('',(#82),#1498,.T.);
#1595=ADVANCED_FACE('',(#83),#1499,.T.);
#1596=ADVANCED_FACE('',(#84),#1500,.F.);
#1597=ADVANCED_FACE('',(#85),#1501,.F.);
#1598=ADVANCED_FACE('',(#86),#1502,.F.);
#1599=ADVANCED_FACE('',(#87),#1503,.F.);
#1600=ADVANCED_FACE('',(#88),#1504,.T.);
#1601=ADVANCED_FACE('',(#89),#1505,.T.);
#1602=ADVANCED_FACE('',(#90),#1506,.T.);
#1603=ADVANCED_FACE('',(#91),#1507,.T.);
#1604=ADVANCED_FACE('',(#92),#1508,.F.);
#1605=ADVANCED_FACE('',(#93),#1509,.T.);
#1606=ADVANCED_FACE('',(#94),#1510,.T.);
#1607=ADVANCED_FACE('',(#95),#1511,.T.);
#1608=ADVANCED_FACE('',(#96),#1512,.F.);
#1609=ADVANCED_FACE('',(#97),#1513,.F.);
#1610=ADVANCED_FACE('',(#98),#1514,.F.);
#1611=ADVANCED_FACE('',(#99),#1515,.F.);
#1612=ADVANCED_FACE('',(#100),#1516,.T.);
#1613=ADVANCED_FACE('',(#101),#1517,.T.);
#1614=ADVANCED_FACE('',(#102),#1518,.T.);
#1615=ADVANCED_FACE('',(#103),#1519,.T.);
#1616=ADVANCED_FACE('',(#104),#1520,.F.);
#1617=ADVANCED_FACE('',(#105),#1521,.F.);
#1618=ADVANCED_FACE('',(#106),#1522,.F.);
#1619=ADVANCED_FACE('',(#107),#1523,.F.);
#1620=ADVANCED_FACE('',(#108),#1524,.T.);
#1621=ADVANCED_FACE('',(#109),#1525,.T.);
#1622=ADVANCED_FACE('',(#110),#1526,.T.);
#1623=ADVANCED_FACE('',(#111),#1527,.T.);
#1624=ADVANCED_FACE('',(#112),#1528,.F.);
#1625=ADVANCED_FACE('',(#113),#1529,.F.);
#1626=ADVANCED_FACE('',(#114),#1530,.F.);
#1627=ADVANCED_FACE('',(#115),#1531,.F.);
#1628=ADVANCED_FACE('',(#116),#1532,.T.);
#1629=ADVANCED_FACE('',(#117),#1533,.T.);
#1630=ADVANCED_FACE('',(#118),#1534,.T.);
#1631=ADVANCED_FACE('',(#119),#1535,.T.);
#1632=ADVANCED_FACE('',(#120),#1536,.F.);
#1633=ADVANCED_FACE('',(#121),#1537,.F.);
#1634=ADVANCED_FACE('',(#122),#1538,.F.);
#1635=ADVANCED_FACE('',(#123),#1539,.F.);
#1636=ADVANCED_FACE('',(#124),#1540,.T.);
#1637=ADVANCED_FACE('',(#125),#1541,.T.);
#1638=ADVANCED_FACE('',(#126),#1542,.T.);
#1639=ADVANCED_FACE('',(#127),#1543,.T.);
#1640=ADVANCED_FACE('',(#128),#1544,.F.);
#1641=ADVANCED_FACE('',(#129),#1545,.F.);
#1642=ADVANCED_FACE('',(#130),#1546,.F.);
#1643=ADVANCED_FACE('',(#131),#1547,.F.);
#1644=ADVANCED_FACE('',(#132),#1548,.T.);
#1645=CLOSED_SHELL('',(#1549,#1550,#1551,#1552,#1553,#1554,#1555,#1556,
#1557,#1558));
#1646=CLOSED_SHELL('',(#1559,#1560,#1561,#1562,#1563,#1564));
#1647=CLOSED_SHELL('',(#1565,#1566,#1567,#1568,#1569,#1570,#1571,#1572));
#1648=CLOSED_SHELL('',(#1573,#1574,#1575,#1576,#1577,#1578,#1579,#1580));
#1649=CLOSED_SHELL('',(#1581,#1582,#1583,#1584,#1585,#1586,#1587,#1588));
#1650=CLOSED_SHELL('',(#1589,#1590,#1591,#1592,#1593,#1594,#1595,#1596));
#1651=CLOSED_SHELL('',(#1597,#1598,#1599,#1600,#1601,#1602,#1603,#1604));
#1652=CLOSED_SHELL('',(#1605,#1606,#1607,#1608,#1609,#1610,#1611,#1612));
#1653=CLOSED_SHELL('',(#1613,#1614,#1615,#1616,#1617,#1618,#1619,#1620));
#1654=CLOSED_SHELL('',(#1621,#1622,#1623,#1624,#1625,#1626,#1627,#1628));
#1655=CLOSED_SHELL('',(#1629,#1630,#1631,#1632,#1633,#1634,#1635,#1636));
#1656=CLOSED_SHELL('',(#1637,#1638,#1639,#1640,#1641,#1642,#1643,#1644));
#1657=DERIVED_UNIT_ELEMENT(#1659,1.);
#1658=DERIVED_UNIT_ELEMENT(#2638,-3.);
#1659=(
MASS_UNIT()
NAMED_UNIT(*)
SI_UNIT(.KILO.,.GRAM.)
);
#1660=DERIVED_UNIT((#1657,#1658));
#1661=MEASURE_REPRESENTATION_ITEM('density measure',
POSITIVE_RATIO_MEASURE(7850.),#1660);
#1662=PROPERTY_DEFINITION_REPRESENTATION(#1667,#1664);
#1663=PROPERTY_DEFINITION_REPRESENTATION(#1668,#1665);
#1664=REPRESENTATION('material name',(#1666),#2635);
#1665=REPRESENTATION('density',(#1661),#2635);
#1666=DESCRIPTIVE_REPRESENTATION_ITEM('A\X\E7o','A\X\E7o');
#1667=PROPERTY_DEFINITION('material property','material name',#2645);
#1668=PROPERTY_DEFINITION('material property','density of part',#2645);
#1669=AXIS2_PLACEMENT_3D('',#2176,#1766,#1767);
#1670=AXIS2_PLACEMENT_3D('',#2177,#1768,#1769);
#1671=AXIS2_PLACEMENT_3D('',#2186,#1774,#1775);
#1672=AXIS2_PLACEMENT_3D('',#2192,#1779,#1780);
#1673=AXIS2_PLACEMENT_3D('',#2198,#1784,#1785);
#1674=AXIS2_PLACEMENT_3D('',#2207,#1790,#1791);
#1675=AXIS2_PLACEMENT_3D('',#2214,#1796,#1797);
#1676=AXIS2_PLACEMENT_3D('',#2218,#1800,#1801);
#1677=AXIS2_PLACEMENT_3D('',#2220,#1803,#1804);
#1678=AXIS2_PLACEMENT_3D('',#2224,#1807,#1808);
#1679=AXIS2_PLACEMENT_3D('',#2226,#1810,#1811);
#1680=AXIS2_PLACEMENT_3D('',#2227,#1812,#1813);
#1681=AXIS2_PLACEMENT_3D('',#2236,#1818,#1819);
#1682=AXIS2_PLACEMENT_3D('',#2242,#1823,#1824);
#1683=AXIS2_PLACEMENT_3D('',#2248,#1828,#1829);
#1684=AXIS2_PLACEMENT_3D('',#2251,#1832,#1833);
#1685=AXIS2_PLACEMENT_3D('',#2252,#1834,#1835);
#1686=AXIS2_PLACEMENT_3D('',#2253,#1836,#1837);
#1687=AXIS2_PLACEMENT_3D('',#2262,#1842,#1843);
#1688=AXIS2_PLACEMENT_3D('',#2268,#1847,#1848);
#1689=AXIS2_PLACEMENT_3D('',#2277,#1853,#1854);
#1690=AXIS2_PLACEMENT_3D('',#2282,#1858,#1859);
#1691=AXIS2_PLACEMENT_3D('',#2284,#1861,#1862);
#1692=AXIS2_PLACEMENT_3D('',#2288,#1865,#1866);
#1693=AXIS2_PLACEMENT_3D('',#2290,#1868,#1869);
#1694=AXIS2_PLACEMENT_3D('',#2291,#1870,#1871);
#1695=AXIS2_PLACEMENT_3D('',#2300,#1876,#1877);
#1696=AXIS2_PLACEMENT_3D('',#2306,#1881,#1882);
#1697=AXIS2_PLACEMENT_3D('',#2315,#1887,#1888);
#1698=AXIS2_PLACEMENT_3D('',#2320,#1892,#1893);
#1699=AXIS2_PLACEMENT_3D('',#2322,#1895,#1896);
#1700=AXIS2_PLACEMENT_3D('',#2326,#1899,#1900);
#1701=AXIS2_PLACEMENT_3D('',#2328,#1902,#1903);
#1702=AXIS2_PLACEMENT_3D('',#2329,#1904,#1905);
#1703=AXIS2_PLACEMENT_3D('',#2338,#1910,#1911);
#1704=AXIS2_PLACEMENT_3D('',#2344,#1915,#1916);
#1705=AXIS2_PLACEMENT_3D('',#2353,#1921,#1922);
#1706=AXIS2_PLACEMENT_3D('',#2358,#1926,#1927);
#1707=AXIS2_PLACEMENT_3D('',#2360,#1929,#1930);
#1708=AXIS2_PLACEMENT_3D('',#2364,#1933,#1934);
#1709=AXIS2_PLACEMENT_3D('',#2366,#1936,#1937);
#1710=AXIS2_PLACEMENT_3D('',#2367,#1938,#1939);
#1711=AXIS2_PLACEMENT_3D('',#2376,#1944,#1945);
#1712=AXIS2_PLACEMENT_3D('',#2382,#1949,#1950);
#1713=AXIS2_PLACEMENT_3D('',#2391,#1955,#1956);
#1714=AXIS2_PLACEMENT_3D('',#2396,#1960,#1961);
#1715=AXIS2_PLACEMENT_3D('',#2398,#1963,#1964);
#1716=AXIS2_PLACEMENT_3D('',#2402,#1967,#1968);
#1717=AXIS2_PLACEMENT_3D('',#2404,#1970,#1971);
#1718=AXIS2_PLACEMENT_3D('',#2405,#1972,#1973);
#1719=AXIS2_PLACEMENT_3D('',#2414,#1978,#1979);
#1720=AXIS2_PLACEMENT_3D('',#2420,#1983,#1984);
#1721=AXIS2_PLACEMENT_3D('',#2429,#1989,#1990);
#1722=AXIS2_PLACEMENT_3D('',#2434,#1994,#1995);
#1723=AXIS2_PLACEMENT_3D('',#2436,#1997,#1998);
#1724=AXIS2_PLACEMENT_3D('',#2440,#2001,#2002);
#1725=AXIS2_PLACEMENT_3D('',#2442,#2004,#2005);
#1726=AXIS2_PLACEMENT_3D('',#2443,#2006,#2007);
#1727=AXIS2_PLACEMENT_3D('',#2452,#2012,#2013);
#1728=AXIS2_PLACEMENT_3D('',#2458,#2017,#2018);
#1729=AXIS2_PLACEMENT_3D('',#2467,#2023,#2024);
#1730=AXIS2_PLACEMENT_3D('',#2472,#2028,#2029);
#1731=AXIS2_PLACEMENT_3D('',#2474,#2031,#2032);
#1732=AXIS2_PLACEMENT_3D('',#2478,#2035,#2036);
#1733=AXIS2_PLACEMENT_3D('',#2480,#2038,#2039);
#1734=AXIS2_PLACEMENT_3D('',#2481,#2040,#2041);
#1735=AXIS2_PLACEMENT_3D('',#2490,#2046,#2047);
#1736=AXIS2_PLACEMENT_3D('',#2496,#2051,#2052);
#1737=AXIS2_PLACEMENT_3D('',#2505,#2057,#2058);
#1738=AXIS2_PLACEMENT_3D('',#2510,#2062,#2063);
#1739=AXIS2_PLACEMENT_3D('',#2512,#2065,#2066);
#1740=AXIS2_PLACEMENT_3D('',#2516,#2069,#2070);
#1741=AXIS2_PLACEMENT_3D('',#2518,#2072,#2073);
#1742=AXIS2_PLACEMENT_3D('',#2519,#2074,#2075);
#1743=AXIS2_PLACEMENT_3D('',#2528,#2080,#2081);
#1744=AXIS2_PLACEMENT_3D('',#2534,#2085,#2086);
#1745=AXIS2_PLACEMENT_3D('',#2543,#2091,#2092);
#1746=AXIS2_PLACEMENT_3D('',#2548,#2096,#2097);
#1747=AXIS2_PLACEMENT_3D('',#2550,#2099,#2100);
#1748=AXIS2_PLACEMENT_3D('',#2554,#2103,#2104);
#1749=AXIS2_PLACEMENT_3D('',#2556,#2106,#2107);
#1750=AXIS2_PLACEMENT_3D('',#2557,#2108,#2109);
#1751=AXIS2_PLACEMENT_3D('',#2566,#2114,#2115);
#1752=AXIS2_PLACEMENT_3D('',#2572,#2119,#2120);
#1753=AXIS2_PLACEMENT_3D('',#2581,#2125,#2126);
#1754=AXIS2_PLACEMENT_3D('',#2586,#2130,#2131);
#1755=AXIS2_PLACEMENT_3D('',#2588,#2133,#2134);
#1756=AXIS2_PLACEMENT_3D('',#2592,#2137,#2138);
#1757=AXIS2_PLACEMENT_3D('',#2594,#2140,#2141);
#1758=AXIS2_PLACEMENT_3D('',#2595,#2142,#2143);
#1759=AXIS2_PLACEMENT_3D('',#2604,#2148,#2149);
#1760=AXIS2_PLACEMENT_3D('',#2610,#2153,#2154);
#1761=AXIS2_PLACEMENT_3D('',#2619,#2159,#2160);
#1762=AXIS2_PLACEMENT_3D('',#2624,#2164,#2165);
#1763=AXIS2_PLACEMENT_3D('',#2626,#2167,#2168);
#1764=AXIS2_PLACEMENT_3D('',#2630,#2171,#2172);
#1765=AXIS2_PLACEMENT_3D('',#2632,#2174,#2175);
#1766=DIRECTION('axis',(0.,0.,1.));
#1767=DIRECTION('refdir',(1.,0.,0.));
#1768=DIRECTION('center_axis',(0.,0.,-1.));
#1769=DIRECTION('ref_axis',(-1.,0.,0.));
#1770=DIRECTION('',(3.36431219583381E-17,-1.,0.));
#1771=DIRECTION('',(-1.,0.,0.));
#1772=DIRECTION('',(0.,1.,0.));
#1773=DIRECTION('',(1.,0.,0.));
#1774=DIRECTION('center_axis',(1.,3.36431219583381E-17,0.));
#1775=DIRECTION('ref_axis',(-3.36431219583381E-17,1.,0.));
#1776=DIRECTION('',(0.,0.,1.));
#1777=DIRECTION('',(-3.36431219583381E-17,1.,0.));
#1778=DIRECTION('',(0.,0.,-1.));
#1779=DIRECTION('center_axis',(1.,0.,0.));
#1780=DIRECTION('ref_axis',(0.,1.,0.));
#1781=DIRECTION('',(0.,0.,1.));
#1782=DIRECTION('',(0.,1.,0.));
#1783=DIRECTION('',(0.,0.,1.));
#1784=DIRECTION('center_axis',(0.,0.,1.));
#1785=DIRECTION('ref_axis',(1.,0.,0.));
#1786=DIRECTION('',(-3.36431219583381E-17,-1.,0.));
#1787=DIRECTION('',(-1.,0.,0.));
#1788=DIRECTION('',(0.,1.,0.));
#1789=DIRECTION('',(1.,0.,0.));
#1790=DIRECTION('center_axis',(0.,1.,0.));
#1791=DIRECTION('ref_axis',(-1.,0.,0.));
#1792=DIRECTION('',(0.,0.,1.));
#1793=DIRECTION('',(1.,0.,0.));
#1794=DIRECTION('',(-1.,0.,0.));
#1795=DIRECTION('',(0.,0.,1.));
#1796=DIRECTION('center_axis',(1.,-3.36431219583381E-17,0.));
#1797=DIRECTION('ref_axis',(3.36431219583381E-17,1.,0.));
#1798=DIRECTION('',(0.,0.,-1.));
#1799=DIRECTION('',(3.36431219583381E-17,1.,0.));
#1800=DIRECTION('center_axis',(0.,0.,1.));
#1801=DIRECTION('ref_axis',(1.,0.,0.));
#1802=DIRECTION('',(1.,0.,0.));
#1803=DIRECTION('center_axis',(0.,-1.,0.));
#1804=DIRECTION('ref_axis',(1.,0.,0.));
#1805=DIRECTION('',(0.,0.,1.));
#1806=DIRECTION('',(-1.,0.,0.));
#1807=DIRECTION('center_axis',(1.,0.,0.));
#1808=DIRECTION('ref_axis',(0.,1.,0.));
#1809=DIRECTION('',(0.,1.,0.));
#1810=DIRECTION('center_axis',(0.,0.,1.));
#1811=DIRECTION('ref_axis',(1.,0.,0.));
#1812=DIRECTION('center_axis',(1.,0.,0.));
#1813=DIRECTION('ref_axis',(0.,1.,0.));
#1814=DIRECTION('',(0.,1.,0.));
#1815=DIRECTION('',(0.,0.,1.));
#1816=DIRECTION('',(0.,1.,0.));
#1817=DIRECTION('',(0.,0.,1.));
#1818=DIRECTION('center_axis',(0.,1.,0.));
#1819=DIRECTION('ref_axis',(-1.,0.,0.));
#1820=DIRECTION('',(-1.,0.,0.));
#1821=DIRECTION('',(-1.,0.,0.));
#1822=DIRECTION('',(0.,0.,1.));
#1823=DIRECTION('center_axis',(1.,0.,0.));
#1824=DIRECTION('ref_axis',(0.,1.,0.));
#1825=DIRECTION('',(0.,1.,0.));
#1826=DIRECTION('',(0.,1.,0.));
#1827=DIRECTION('',(0.,0.,1.));
#1828=DIRECTION('center_axis',(0.,-1.,0.));
#1829=DIRECTION('ref_axis',(1.,0.,0.));
#1830=DIRECTION('',(1.,0.,0.));
#1831=DIRECTION('',(-1.,0.,0.));
#1832=DIRECTION('center_axis',(0.,0.,1.));
#1833=DIRECTION('ref_axis',(1.,0.,0.));
#1834=DIRECTION('center_axis',(0.,0.,1.));
#1835=DIRECTION('ref_axis',(1.,0.,0.));
#1836=DIRECTION('center_axis',(-0.707106781186543,0.,-0.707106781186552));
#1837=DIRECTION('ref_axis',(-0.707106781186552,0.,0.707106781186543));
#1838=DIRECTION('',(0.707106781186552,1.85152412580635E-16,-0.707106781186543));
#1839=DIRECTION('',(0.,1.,0.));
#1840=DIRECTION('',(-0.707106781186552,-3.14759101387079E-16,0.707106781186543));
#1841=DIRECTION('',(0.,1.,0.));
#1842=DIRECTION('center_axis',(0.,0.,-1.));
#1843=DIRECTION('ref_axis',(-1.,0.,0.));
#1844=DIRECTION('',(1.,2.61845052977631E-16,0.));
#1845=DIRECTION('',(-1.,-4.45136590061973E-16,0.));
#1846=DIRECTION('',(0.,-1.,0.));
#1847=DIRECTION('center_axis',(0.707106637360438,0.,0.707106925012628));
#1848=DIRECTION('ref_axis',(0.707106925012628,0.,-0.707106637360438));
#1849=DIRECTION('',(-0.707106925012628,-1.85152450240781E-16,0.707106637360438));
#1850=DIRECTION('',(0.,1.,0.));
#1851=DIRECTION('',(0.707106925012628,3.14759165409328E-16,-0.707106637360438));
#1852=DIRECTION('',(0.,-1.,0.));
#1853=DIRECTION('center_axis',(-2.61845052977631E-16,1.,0.));
#1854=DIRECTION('ref_axis',(-1.,-2.61845052977631E-16,0.));
#1855=DIRECTION('',(0.,0.,1.));
#1856=DIRECTION('',(-1.,-2.61845052977631E-16,0.));
#1857=DIRECTION('',(0.,0.,1.));
#1858=DIRECTION('center_axis',(-1.,0.,0.));
#1859=DIRECTION('ref_axis',(0.,-1.,0.));
#1860=DIRECTION('',(0.,0.,1.));
#1861=DIRECTION('center_axis',(1.,0.,0.));
#1862=DIRECTION('ref_axis',(0.,1.,0.));
#1863=DIRECTION('',(0.,0.,1.));
#1864=DIRECTION('',(0.,1.,0.));
#1865=DIRECTION('center_axis',(4.45136590061973E-16,-1.,0.));
#1866=DIRECTION('ref_axis',(1.,4.45136590061973E-16,0.));
#1867=DIRECTION('',(1.,4.45136590061973E-16,0.));
#1868=DIRECTION('center_axis',(0.,0.,1.));
#1869=DIRECTION('ref_axis',(1.,0.,0.));
#1870=DIRECTION('center_axis',(-0.707106781186543,0.,-0.707106781186552));
#1871=DIRECTION('ref_axis',(-0.707106781186552,0.,0.707106781186543));
#1872=DIRECTION('',(0.707106781186552,1.85152412580635E-16,-0.707106781186543));
#1873=DIRECTION('',(0.,1.,0.));
#1874=DIRECTION('',(-0.707106781186552,-3.14759101387079E-16,0.707106781186543));
#1875=DIRECTION('',(0.,1.,0.));
#1876=DIRECTION('center_axis',(0.,0.,-1.));
#1877=DIRECTION('ref_axis',(-1.,0.,0.));
#1878=DIRECTION('',(1.,2.61845052977631E-16,0.));
#1879=DIRECTION('',(-1.,-4.45136590061973E-16,0.));
#1880=DIRECTION('',(0.,-1.,0.));
#1881=DIRECTION('center_axis',(0.707106637360438,0.,0.707106925012628));
#1882=DIRECTION('ref_axis',(0.707106925012628,0.,-0.707106637360438));
#1883=DIRECTION('',(-0.707106925012628,-1.85152450240781E-16,0.707106637360438));
#1884=DIRECTION('',(0.,1.,0.));
#1885=DIRECTION('',(0.707106925012628,3.14759165409328E-16,-0.707106637360438));
#1886=DIRECTION('',(0.,-1.,0.));
#1887=DIRECTION('center_axis',(-2.61845052977631E-16,1.,0.));
#1888=DIRECTION('ref_axis',(-1.,-2.61845052977631E-16,0.));
#1889=DIRECTION('',(0.,0.,1.));
#1890=DIRECTION('',(-1.,-2.61845052977631E-16,0.));
#1891=DIRECTION('',(0.,0.,1.));
#1892=DIRECTION('center_axis',(-1.,0.,0.));
#1893=DIRECTION('ref_axis',(0.,-1.,0.));
#1894=DIRECTION('',(0.,0.,1.));
#1895=DIRECTION('center_axis',(1.,0.,0.));
#1896=DIRECTION('ref_axis',(0.,1.,0.));
#1897=DIRECTION('',(0.,0.,1.));
#1898=DIRECTION('',(0.,1.,0.));
#1899=DIRECTION('center_axis',(4.45136590061973E-16,-1.,0.));
#1900=DIRECTION('ref_axis',(1.,4.45136590061973E-16,0.));
#1901=DIRECTION('',(1.,4.45136590061973E-16,0.));
#1902=DIRECTION('center_axis',(0.,0.,1.));
#1903=DIRECTION('ref_axis',(1.,0.,0.));
#1904=DIRECTION('center_axis',(-0.707106781186543,0.,-0.707106781186552));
#1905=DIRECTION('ref_axis',(-0.707106781186552,0.,0.707106781186543));
#1906=DIRECTION('',(0.707106781186552,1.85152412580635E-16,-0.707106781186543));
#1907=DIRECTION('',(0.,1.,0.));
#1908=DIRECTION('',(-0.707106781186552,-3.14759101387079E-16,0.707106781186543));
#1909=DIRECTION('',(0.,1.,0.));
#1910=DIRECTION('center_axis',(0.,0.,-1.));
#1911=DIRECTION('ref_axis',(-1.,0.,0.));
#1912=DIRECTION('',(1.,2.61845052977631E-16,0.));
#1913=DIRECTION('',(-1.,-4.45136590061973E-16,0.));
#1914=DIRECTION('',(0.,-1.,0.));
#1915=DIRECTION('center_axis',(0.707106637360438,0.,0.707106925012628));
#1916=DIRECTION('ref_axis',(0.707106925012628,0.,-0.707106637360438));
#1917=DIRECTION('',(-0.707106925012628,-1.85152450240781E-16,0.707106637360438));
#1918=DIRECTION('',(0.,1.,0.));
#1919=DIRECTION('',(0.707106925012628,3.14759165409328E-16,-0.707106637360438));
#1920=DIRECTION('',(0.,-1.,0.));
#1921=DIRECTION('center_axis',(-2.61845052977631E-16,1.,0.));
#1922=DIRECTION('ref_axis',(-1.,-2.61845052977631E-16,0.));
#1923=DIRECTION('',(0.,0.,1.));
#1924=DIRECTION('',(-1.,-2.61845052977631E-16,0.));
#1925=DIRECTION('',(0.,0.,1.));
#1926=DIRECTION('center_axis',(-1.,0.,0.));
#1927=DIRECTION('ref_axis',(0.,-1.,0.));
#1928=DIRECTION('',(0.,0.,1.));
#1929=DIRECTION('center_axis',(1.,0.,0.));
#1930=DIRECTION('ref_axis',(0.,1.,0.));
#1931=DIRECTION('',(0.,0.,1.));
#1932=DIRECTION('',(0.,1.,0.));
#1933=DIRECTION('center_axis',(4.45136590061973E-16,-1.,0.));
#1934=DIRECTION('ref_axis',(1.,4.45136590061973E-16,0.));
#1935=DIRECTION('',(1.,4.45136590061973E-16,0.));
#1936=DIRECTION('center_axis',(0.,0.,1.));
#1937=DIRECTION('ref_axis',(1.,0.,0.));
#1938=DIRECTION('center_axis',(-0.707106781186543,0.,-0.707106781186552));
#1939=DIRECTION('ref_axis',(-0.707106781186552,0.,0.707106781186543));
#1940=DIRECTION('',(0.707106781186552,1.85152412580635E-16,-0.707106781186543));
#1941=DIRECTION('',(0.,1.,0.));
#1942=DIRECTION('',(-0.707106781186552,-3.14759101387079E-16,0.707106781186543));
#1943=DIRECTION('',(0.,1.,0.));
#1944=DIRECTION('center_axis',(0.,0.,-1.));
#1945=DIRECTION('ref_axis',(-1.,0.,0.));
#1946=DIRECTION('',(1.,2.61845052977631E-16,0.));
#1947=DIRECTION('',(-1.,-4.45136590061973E-16,0.));
#1948=DIRECTION('',(0.,-1.,0.));
#1949=DIRECTION('center_axis',(0.707106637360438,0.,0.707106925012628));
#1950=DIRECTION('ref_axis',(0.707106925012628,0.,-0.707106637360438));
#1951=DIRECTION('',(-0.707106925012628,-1.85152450240781E-16,0.707106637360438));
#1952=DIRECTION('',(0.,1.,0.));
#1953=DIRECTION('',(0.707106925012628,3.14759165409328E-16,-0.707106637360438));
#1954=DIRECTION('',(0.,-1.,0.));
#1955=DIRECTION('center_axis',(-2.61845052977631E-16,1.,0.));
#1956=DIRECTION('ref_axis',(-1.,-2.61845052977631E-16,0.));
#1957=DIRECTION('',(0.,0.,1.));
#1958=DIRECTION('',(-1.,-2.61845052977631E-16,0.));
#1959=DIRECTION('',(0.,0.,1.));
#1960=DIRECTION('center_axis',(-1.,0.,0.));
#1961=DIRECTION('ref_axis',(0.,-1.,0.));
#1962=DIRECTION('',(0.,0.,1.));
#1963=DIRECTION('center_axis',(1.,0.,0.));
#1964=DIRECTION('ref_axis',(0.,1.,0.));
#1965=DIRECTION('',(0.,0.,1.));
#1966=DIRECTION('',(0.,1.,0.));
#1967=DIRECTION('center_axis',(4.45136590061973E-16,-1.,0.));
#1968=DIRECTION('ref_axis',(1.,4.45136590061973E-16,0.));
#1969=DIRECTION('',(1.,4.45136590061973E-16,0.));
#1970=DIRECTION('center_axis',(0.,0.,1.));
#1971=DIRECTION('ref_axis',(1.,0.,0.));
#1972=DIRECTION('center_axis',(-0.707106781186543,0.,-0.707106781186552));
#1973=DIRECTION('ref_axis',(-0.707106781186552,0.,0.707106781186543));
#1974=DIRECTION('',(0.707106781186552,1.85152412580635E-16,-0.707106781186543));
#1975=DIRECTION('',(0.,1.,0.));
#1976=DIRECTION('',(-0.707106781186552,-3.14759101387079E-16,0.707106781186543));
#1977=DIRECTION('',(0.,1.,0.));
#1978=DIRECTION('center_axis',(0.,0.,-1.));
#1979=DIRECTION('ref_axis',(-1.,0.,0.));
#1980=DIRECTION('',(1.,2.61845052977631E-16,0.));
#1981=DIRECTION('',(-1.,-4.45136590061973E-16,0.));
#1982=DIRECTION('',(0.,-1.,0.));
#1983=DIRECTION('center_axis',(0.707106637360438,0.,0.707106925012628));
#1984=DIRECTION('ref_axis',(0.707106925012628,0.,-0.707106637360438));
#1985=DIRECTION('',(-0.707106925012628,-1.85152450240781E-16,0.707106637360438));
#1986=DIRECTION('',(0.,1.,0.));
#1987=DIRECTION('',(0.707106925012628,3.14759165409328E-16,-0.707106637360438));
#1988=DIRECTION('',(0.,-1.,0.));
#1989=DIRECTION('center_axis',(-2.61845052977631E-16,1.,0.));
#1990=DIRECTION('ref_axis',(-1.,-2.61845052977631E-16,0.));
#1991=DIRECTION('',(0.,0.,1.));
#1992=DIRECTION('',(-1.,-2.61845052977631E-16,0.));
#1993=DIRECTION('',(0.,0.,1.));
#1994=DIRECTION('center_axis',(-1.,0.,0.));
#1995=DIRECTION('ref_axis',(0.,-1.,0.));
#1996=DIRECTION('',(0.,0.,1.));
#1997=DIRECTION('center_axis',(1.,0.,0.));
#1998=DIRECTION('ref_axis',(0.,1.,0.));
#1999=DIRECTION('',(0.,0.,1.));
#2000=DIRECTION('',(0.,1.,0.));
#2001=DIRECTION('center_axis',(4.45136590061973E-16,-1.,0.));
#2002=DIRECTION('ref_axis',(1.,4.45136590061973E-16,0.));
#2003=DIRECTION('',(1.,4.45136590061973E-16,0.));
#2004=DIRECTION('center_axis',(0.,0.,1.));
#2005=DIRECTION('ref_axis',(1.,0.,0.));
#2006=DIRECTION('center_axis',(-0.707106781186543,0.,0.707106781186552));
#2007=DIRECTION('ref_axis',(0.707106781186552,0.,0.707106781186543));
#2008=DIRECTION('',(-0.707106781186552,1.85152412580635E-16,-0.707106781186543));
#2009=DIRECTION('',(0.,1.,0.));
#2010=DIRECTION('',(0.707106781186552,-3.14759101387079E-16,0.707106781186543));
#2011=DIRECTION('',(0.,1.,0.));
#2012=DIRECTION('center_axis',(0.,0.,1.));
#2013=DIRECTION('ref_axis',(1.,0.,0.));
#2014=DIRECTION('',(-1.,2.61845052977631E-16,0.));
#2015=DIRECTION('',(0.,-1.,0.));
#2016=DIRECTION('',(1.,-4.45136590061973E-16,0.));
#2017=DIRECTION('center_axis',(0.707106637360438,0.,-0.707106925012628));
#2018=DIRECTION('ref_axis',(-0.707106925012628,0.,-0.707106637360438));
#2019=DIRECTION('',(0.707106925012628,-1.85152450240781E-16,0.707106637360438));
#2020=DIRECTION('',(0.,-1.,0.));
#2021=DIRECTION('',(-0.707106925012628,3.14759165409328E-16,-0.707106637360438));
#2022=DIRECTION('',(0.,1.,0.));
#2023=DIRECTION('center_axis',(-2.61845052977631E-16,-1.,0.));
#2024=DIRECTION('ref_axis',(1.,-2.61845052977631E-16,0.));
#2025=DIRECTION('',(0.,0.,1.));
#2026=DIRECTION('',(1.,-2.61845052977631E-16,0.));
#2027=DIRECTION('',(0.,0.,1.));
#2028=DIRECTION('center_axis',(-1.,0.,0.));
#2029=DIRECTION('ref_axis',(0.,-1.,0.));
#2030=DIRECTION('',(0.,0.,1.));
#2031=DIRECTION('center_axis',(1.,0.,0.));
#2032=DIRECTION('ref_axis',(0.,1.,0.));
#2033=DIRECTION('',(0.,1.,0.));
#2034=DIRECTION('',(0.,0.,1.));
#2035=DIRECTION('center_axis',(4.45136590061973E-16,1.,0.));
#2036=DIRECTION('ref_axis',(-1.,4.45136590061973E-16,0.));
#2037=DIRECTION('',(-1.,4.45136590061973E-16,0.));
#2038=DIRECTION('center_axis',(0.,0.,-1.));
#2039=DIRECTION('ref_axis',(-1.,0.,0.));
#2040=DIRECTION('center_axis',(-0.707106781186543,0.,0.707106781186552));
#2041=DIRECTION('ref_axis',(0.707106781186552,0.,0.707106781186543));
#2042=DIRECTION('',(-0.707106781186552,1.85152412580635E-16,-0.707106781186543));
#2043=DIRECTION('',(0.,1.,0.));
#2044=DIRECTION('',(0.707106781186552,-3.14759101387079E-16,0.707106781186543));
#2045=DIRECTION('',(0.,1.,0.));
#2046=DIRECTION('center_axis',(0.,0.,1.));
#2047=DIRECTION('ref_axis',(1.,0.,0.));
#2048=DIRECTION('',(-1.,2.61845052977631E-16,0.));
#2049=DIRECTION('',(0.,-1.,0.));
#2050=DIRECTION('',(1.,-4.45136590061973E-16,0.));
#2051=DIRECTION('center_axis',(0.707106637360438,0.,-0.707106925012628));
#2052=DIRECTION('ref_axis',(-0.707106925012628,0.,-0.707106637360438));
#2053=DIRECTION('',(0.707106925012628,-1.85152450240781E-16,0.707106637360438));
#2054=DIRECTION('',(0.,-1.,0.));
#2055=DIRECTION('',(-0.707106925012628,3.14759165409328E-16,-0.707106637360438));
#2056=DIRECTION('',(0.,1.,0.));
#2057=DIRECTION('center_axis',(-2.61845052977631E-16,-1.,0.));
#2058=DIRECTION('ref_axis',(1.,-2.61845052977631E-16,0.));
#2059=DIRECTION('',(0.,0.,1.));
#2060=DIRECTION('',(1.,-2.61845052977631E-16,0.));
#2061=DIRECTION('',(0.,0.,1.));
#2062=DIRECTION('center_axis',(-1.,0.,0.));
#2063=DIRECTION('ref_axis',(0.,-1.,0.));
#2064=DIRECTION('',(0.,0.,1.));
#2065=DIRECTION('center_axis',(1.,0.,0.));
#2066=DIRECTION('ref_axis',(0.,1.,0.));
#2067=DIRECTION('',(0.,1.,0.));
#2068=DIRECTION('',(0.,0.,1.));
#2069=DIRECTION('center_axis',(4.45136590061973E-16,1.,0.));
#2070=DIRECTION('ref_axis',(-1.,4.45136590061973E-16,0.));
#2071=DIRECTION('',(-1.,4.45136590061973E-16,0.));
#2072=DIRECTION('center_axis',(0.,0.,-1.));
#2073=DIRECTION('ref_axis',(-1.,0.,0.));
#2074=DIRECTION('center_axis',(-0.707106781186543,0.,0.707106781186552));
#2075=DIRECTION('ref_axis',(0.707106781186552,0.,0.707106781186543));
#2076=DIRECTION('',(-0.707106781186552,1.85152412580635E-16,-0.707106781186543));
#2077=DIRECTION('',(0.,1.,0.));
#2078=DIRECTION('',(0.707106781186552,-3.14759101387079E-16,0.707106781186543));
#2079=DIRECTION('',(0.,1.,0.));
#2080=DIRECTION('center_axis',(0.,0.,1.));
#2081=DIRECTION('ref_axis',(1.,0.,0.));
#2082=DIRECTION('',(-1.,2.61845052977631E-16,0.));
#2083=DIRECTION('',(0.,-1.,0.));
#2084=DIRECTION('',(1.,-4.45136590061973E-16,0.));
#2085=DIRECTION('center_axis',(0.707106637360438,0.,-0.707106925012628));
#2086=DIRECTION('ref_axis',(-0.707106925012628,0.,-0.707106637360438));
#2087=DIRECTION('',(0.707106925012628,-1.85152450240781E-16,0.707106637360438));
#2088=DIRECTION('',(0.,-1.,0.));
#2089=DIRECTION('',(-0.707106925012628,3.14759165409328E-16,-0.707106637360438));
#2090=DIRECTION('',(0.,1.,0.));
#2091=DIRECTION('center_axis',(-2.61845052977631E-16,-1.,0.));
#2092=DIRECTION('ref_axis',(1.,-2.61845052977631E-16,0.));
#2093=DIRECTION('',(0.,0.,1.));
#2094=DIRECTION('',(1.,-2.61845052977631E-16,0.));
#2095=DIRECTION('',(0.,0.,1.));
#2096=DIRECTION('center_axis',(-1.,0.,0.));
#2097=DIRECTION('ref_axis',(0.,-1.,0.));
#2098=DIRECTION('',(0.,0.,1.));
#2099=DIRECTION('center_axis',(1.,0.,0.));
#2100=DIRECTION('ref_axis',(0.,1.,0.));
#2101=DIRECTION('',(0.,1.,0.));
#2102=DIRECTION('',(0.,0.,1.));
#2103=DIRECTION('center_axis',(4.45136590061973E-16,1.,0.));
#2104=DIRECTION('ref_axis',(-1.,4.45136590061973E-16,0.));
#2105=DIRECTION('',(-1.,4.45136590061973E-16,0.));
#2106=DIRECTION('center_axis',(0.,0.,-1.));
#2107=DIRECTION('ref_axis',(-1.,0.,0.));
#2108=DIRECTION('center_axis',(-0.707106781186543,0.,0.707106781186552));
#2109=DIRECTION('ref_axis',(0.707106781186552,0.,0.707106781186543));
#2110=DIRECTION('',(-0.707106781186552,1.85152412580635E-16,-0.707106781186543));
#2111=DIRECTION('',(0.,1.,0.));
#2112=DIRECTION('',(0.707106781186552,-3.14759101387079E-16,0.707106781186543));
#2113=DIRECTION('',(0.,1.,0.));
#2114=DIRECTION('center_axis',(0.,0.,1.));
#2115=DIRECTION('ref_axis',(1.,0.,0.));
#2116=DIRECTION('',(-1.,2.61845052977631E-16,0.));
#2117=DIRECTION('',(0.,-1.,0.));
#2118=DIRECTION('',(1.,-4.45136590061973E-16,0.));
#2119=DIRECTION('center_axis',(0.707106637360438,0.,-0.707106925012628));
#2120=DIRECTION('ref_axis',(-0.707106925012628,0.,-0.707106637360438));
#2121=DIRECTION('',(0.707106925012628,-1.85152450240781E-16,0.707106637360438));
#2122=DIRECTION('',(0.,-1.,0.));
#2123=DIRECTION('',(-0.707106925012628,3.14759165409328E-16,-0.707106637360438));
#2124=DIRECTION('',(0.,1.,0.));
#2125=DIRECTION('center_axis',(-2.61845052977631E-16,-1.,0.));
#2126=DIRECTION('ref_axis',(1.,-2.61845052977631E-16,0.));
#2127=DIRECTION('',(0.,0.,1.));
#2128=DIRECTION('',(1.,-2.61845052977631E-16,0.));
#2129=DIRECTION('',(0.,0.,1.));
#2130=DIRECTION('center_axis',(-1.,0.,0.));
#2131=DIRECTION('ref_axis',(0.,-1.,0.));
#2132=DIRECTION('',(0.,0.,1.));
#2133=DIRECTION('center_axis',(1.,0.,0.));
#2134=DIRECTION('ref_axis',(0.,1.,0.));
#2135=DIRECTION('',(0.,1.,0.));
#2136=DIRECTION('',(0.,0.,1.));
#2137=DIRECTION('center_axis',(4.45136590061973E-16,1.,0.));
#2138=DIRECTION('ref_axis',(-1.,4.45136590061973E-16,0.));
#2139=DIRECTION('',(-1.,4.45136590061973E-16,0.));
#2140=DIRECTION('center_axis',(0.,0.,-1.));
#2141=DIRECTION('ref_axis',(-1.,0.,0.));
#2142=DIRECTION('center_axis',(-0.707106781186543,0.,0.707106781186552));
#2143=DIRECTION('ref_axis',(0.707106781186552,0.,0.707106781186543));
#2144=DIRECTION('',(-0.707106781186552,1.85152412580635E-16,-0.707106781186543));
#2145=DIRECTION('',(0.,1.,0.));
#2146=DIRECTION('',(0.707106781186552,-3.14759101387079E-16,0.707106781186543));
#2147=DIRECTION('',(0.,1.,0.));
#2148=DIRECTION('center_axis',(0.,0.,1.));
#2149=DIRECTION('ref_axis',(1.,0.,0.));
#2150=DIRECTION('',(-1.,2.61845052977631E-16,0.));
#2151=DIRECTION('',(0.,-1.,0.));
#2152=DIRECTION('',(1.,-4.45136590061973E-16,0.));
#2153=DIRECTION('center_axis',(0.707106637360438,0.,-0.707106925012628));
#2154=DIRECTION('ref_axis',(-0.707106925012628,0.,-0.707106637360438));
#2155=DIRECTION('',(0.707106925012628,-1.85152450240781E-16,0.707106637360438));
#2156=DIRECTION('',(0.,-1.,0.));
#2157=DIRECTION('',(-0.707106925012628,3.14759165409328E-16,-0.707106637360438));
#2158=DIRECTION('',(0.,1.,0.));
#2159=DIRECTION('center_axis',(-2.61845052977631E-16,-1.,0.));
#2160=DIRECTION('ref_axis',(1.,-2.61845052977631E-16,0.));
#2161=DIRECTION('',(0.,0.,1.));
#2162=DIRECTION('',(1.,-2.61845052977631E-16,0.));
#2163=DIRECTION('',(0.,0.,1.));
#2164=DIRECTION('center_axis',(-1.,0.,0.));
#2165=DIRECTION('ref_axis',(0.,-1.,0.));
#2166=DIRECTION('',(0.,0.,1.));
#2167=DIRECTION('center_axis',(1.,0.,0.));
#2168=DIRECTION('ref_axis',(0.,1.,0.));
#2169=DIRECTION('',(0.,1.,0.));
#2170=DIRECTION('',(0.,0.,1.));
#2171=DIRECTION('center_axis',(4.45136590061973E-16,1.,0.));
#2172=DIRECTION('ref_axis',(-1.,4.45136590061973E-16,0.));
#2173=DIRECTION('',(-1.,4.45136590061973E-16,0.));
#2174=DIRECTION('center_axis',(0.,0.,-1.));
#2175=DIRECTION('ref_axis',(-1.,0.,0.));
#2176=CARTESIAN_POINT('',(0.,0.,0.));
#2177=CARTESIAN_POINT('Origin',(-4.3,0.,0.5));
#2178=CARTESIAN_POINT('',(-4.6,8.25,0.5));
#2179=CARTESIAN_POINT('',(-4.6,-8.25,0.5));
#2180=CARTESIAN_POINT('',(-4.6,-4.125,0.5));
#2181=CARTESIAN_POINT('',(-8.6,-8.25,0.5));
#2182=CARTESIAN_POINT('',(-2.15,-8.25,0.5));
#2183=CARTESIAN_POINT('',(-8.6,8.25,0.5));
#2184=CARTESIAN_POINT('',(-8.6,-4.125,0.5));
#2185=CARTESIAN_POINT('',(-6.45,8.25,0.5));
#2186=CARTESIAN_POINT('Origin',(-4.6,-8.25,0.));
#2187=CARTESIAN_POINT('',(-4.6,8.25,1.5));
#2188=CARTESIAN_POINT('',(-4.6,8.25,0.));
#2189=CARTESIAN_POINT('',(-4.6,-8.25,1.5));
#2190=CARTESIAN_POINT('',(-4.6,-8.25,1.5));
#2191=CARTESIAN_POINT('',(-4.6,-8.25,0.));
#2192=CARTESIAN_POINT('Origin',(-8.6,-8.25,0.));
#2193=CARTESIAN_POINT('',(-8.6,-8.25,3.5));
#2194=CARTESIAN_POINT('',(-8.6,-8.25,0.));
#2195=CARTESIAN_POINT('',(-8.6,8.25,3.5));
#2196=CARTESIAN_POINT('',(-8.6,8.25,3.5));
#2197=CARTESIAN_POINT('',(-8.6,8.25,0.));
#2198=CARTESIAN_POINT('Origin',(4.3,0.,0.5));
#2199=CARTESIAN_POINT('',(4.6,8.25,0.5));
#2200=CARTESIAN_POINT('',(4.6,-8.25,0.5));
#2201=CARTESIAN_POINT('',(4.6,-4.125,0.5));
#2202=CARTESIAN_POINT('',(8.6,8.25,0.5));
#2203=CARTESIAN_POINT('',(6.45,8.25,0.5));
#2204=CARTESIAN_POINT('',(8.6,-8.25,0.5));
#2205=CARTESIAN_POINT('',(8.6,-4.125,0.5));
#2206=CARTESIAN_POINT('',(2.15,-8.25,0.5));
#2207=CARTESIAN_POINT('Origin',(8.6,8.25,0.));
#2208=CARTESIAN_POINT('',(4.6,8.25,1.5));
#2209=CARTESIAN_POINT('',(4.6,8.25,0.));
#2210=CARTESIAN_POINT('',(-5.45,8.25,1.5));
#2211=CARTESIAN_POINT('',(8.6,8.25,3.5));
#2212=CARTESIAN_POINT('',(0.,8.25,3.5));
#2213=CARTESIAN_POINT('',(8.6,8.25,0.));
#2214=CARTESIAN_POINT('Origin',(4.6,-8.25,0.));
#2215=CARTESIAN_POINT('',(4.6,-8.25,1.5));
#2216=CARTESIAN_POINT('',(4.6,-8.25,0.));
#2217=CARTESIAN_POINT('',(4.6,-8.25,1.5));
#2218=CARTESIAN_POINT('Origin',(2.3,0.,1.5));
#2219=CARTESIAN_POINT('',(1.15,-8.25,1.5));
#2220=CARTESIAN_POINT('Origin',(0.,-8.25,0.));
#2221=CARTESIAN_POINT('',(8.6,-8.25,3.5));
#2222=CARTESIAN_POINT('',(8.6,-8.25,0.));
#2223=CARTESIAN_POINT('',(-8.6,-8.25,3.5));
#2224=CARTESIAN_POINT('Origin',(8.6,-8.25,0.));
#2225=CARTESIAN_POINT('',(8.6,8.25,3.5));
#2226=CARTESIAN_POINT('Origin',(4.3,0.,3.5));
#2227=CARTESIAN_POINT('Origin',(-8.6,-8.25,3.5));
#2228=CARTESIAN_POINT('',(-8.6,-8.25,3.5));
#2229=CARTESIAN_POINT('',(-8.6,8.25,3.5));
#2230=CARTESIAN_POINT('',(-8.6,8.25,3.5));
#2231=CARTESIAN_POINT('',(-8.6,-8.25,8.5));
#2232=CARTESIAN_POINT('',(-8.6,-8.25,3.5));
#2233=CARTESIAN_POINT('',(-8.6,8.25,8.5));
#2234=CARTESIAN_POINT('',(-8.6,8.25,8.5));
#2235=CARTESIAN_POINT('',(-8.6,8.25,3.5));
#2236=CARTESIAN_POINT('Origin',(8.6,8.25,3.5));
#2237=CARTESIAN_POINT('',(8.6,8.25,3.5));
#2238=CARTESIAN_POINT('',(0.,8.25,3.5));
#2239=CARTESIAN_POINT('',(8.6,8.25,8.5));
#2240=CARTESIAN_POINT('',(0.,8.25,8.5));
#2241=CARTESIAN_POINT('',(8.6,8.25,3.5));
#2242=CARTESIAN_POINT('Origin',(8.6,-8.25,3.5));
#2243=CARTESIAN_POINT('',(8.6,-8.25,3.5));
#2244=CARTESIAN_POINT('',(8.6,8.25,3.5));
#2245=CARTESIAN_POINT('',(8.6,-8.25,8.5));
#2246=CARTESIAN_POINT('',(8.6,8.25,8.5));
#2247=CARTESIAN_POINT('',(8.6,-8.25,3.5));
#2248=CARTESIAN_POINT('Origin',(0.,-8.25,3.5));
#2249=CARTESIAN_POINT('',(8.6,-8.25,3.5));
#2250=CARTESIAN_POINT('',(-8.6,-8.25,8.5));
#2251=CARTESIAN_POINT('Origin',(4.3,0.,8.5));
#2252=CARTESIAN_POINT('Origin',(4.3,0.,3.5));
#2253=CARTESIAN_POINT('Origin',(9.30710678118655,-0.350000000000001,0.5));
#2254=CARTESIAN_POINT('',(8.6,0.349999999999999,1.20710678118655));
#2255=CARTESIAN_POINT('',(9.30710678118655,0.349999999999999,0.5));
#2256=CARTESIAN_POINT('',(9.91783008588992,0.35,-0.11072330470336));
#2257=CARTESIAN_POINT('',(8.6,-0.350000000000001,1.20710678118655));
#2258=CARTESIAN_POINT('',(8.6,-6.93889390390723E-16,1.20710678118655));
#2259=CARTESIAN_POINT('',(9.30710678118655,-0.350000000000001,0.5));
#2260=CARTESIAN_POINT('',(9.25533008588991,-0.350000000000001,0.55177669529664));
#2261=CARTESIAN_POINT('',(9.30710678118655,-0.350000000000001,0.5));
#2262=CARTESIAN_POINT('Origin',(11.25,-0.350000000000001,0.5));
#2263=CARTESIAN_POINT('',(11.25,0.35,0.5));
#2264=CARTESIAN_POINT('',(11.25,0.35,0.5));
#2265=CARTESIAN_POINT('',(11.25,-0.350000000000001,0.5));
#2266=CARTESIAN_POINT('',(9.925,-0.350000000000001,0.5));
#2267=CARTESIAN_POINT('',(11.25,-0.35,0.5));
#2268=CARTESIAN_POINT('Origin',(8.59999980777502,-0.350000000000001,0.499999988824129));
#2269=CARTESIAN_POINT('',(9.1,0.349999999999999,0.));
#2270=CARTESIAN_POINT('',(8.59999980777502,0.349999999999999,0.499999988824129));
#2271=CARTESIAN_POINT('',(9.38750012254338,0.349999999999999,-0.287500005587892));
#2272=CARTESIAN_POINT('',(9.1,-0.350000000000001,0.));
#2273=CARTESIAN_POINT('',(9.1,-0.175000000000001,-8.67361737988404E-18));
#2274=CARTESIAN_POINT('',(8.59999980777502,-0.350000000000001,0.499999988824129));
#2275=CARTESIAN_POINT('',(8.72499985303731,-0.350000000000001,0.374999994412054));
#2276=CARTESIAN_POINT('',(8.6,-6.93889390390723E-16,0.499999796599227));
#2277=CARTESIAN_POINT('Origin',(11.25,0.35,0.));
#2278=CARTESIAN_POINT('',(11.25,0.35,0.));
#2279=CARTESIAN_POINT('',(11.25,0.35,0.));
#2280=CARTESIAN_POINT('',(11.25,0.35,0.));
#2281=CARTESIAN_POINT('',(8.6,0.349999999999999,0.));
#2282=CARTESIAN_POINT('Origin',(8.6,0.349999999999999,0.));
#2283=CARTESIAN_POINT('',(8.6,-0.350000000000001,0.));
#2284=CARTESIAN_POINT('Origin',(11.25,-0.35,0.));
#2285=CARTESIAN_POINT('',(11.25,-0.35,0.));
#2286=CARTESIAN_POINT('',(11.25,-0.35,0.));
#2287=CARTESIAN_POINT('',(11.25,-0.35,0.));
#2288=CARTESIAN_POINT('Origin',(8.6,-0.350000000000001,0.));
#2289=CARTESIAN_POINT('',(8.6,-0.350000000000001,0.));
#2290=CARTESIAN_POINT('Origin',(9.925,-6.93889390390723E-16,0.));
#2291=CARTESIAN_POINT('Origin',(9.30710678118655,-5.43,0.5));
#2292=CARTESIAN_POINT('',(8.6,-4.73,1.20710678118655));
#2293=CARTESIAN_POINT('',(9.30710678118655,-4.73,0.5));
#2294=CARTESIAN_POINT('',(9.91783008588992,-4.73,-0.11072330470336));
#2295=CARTESIAN_POINT('',(8.6,-5.43,1.20710678118655));
#2296=CARTESIAN_POINT('',(8.6,-5.08,1.20710678118655));
#2297=CARTESIAN_POINT('',(9.30710678118655,-5.43,0.5));
#2298=CARTESIAN_POINT('',(9.25533008588991,-5.43,0.55177669529664));
#2299=CARTESIAN_POINT('',(9.30710678118655,-5.43,0.5));
#2300=CARTESIAN_POINT('Origin',(11.25,-5.43,0.5));
#2301=CARTESIAN_POINT('',(11.25,-4.73,0.5));
#2302=CARTESIAN_POINT('',(11.25,-4.73,0.5));
#2303=CARTESIAN_POINT('',(11.25,-5.43,0.5));
#2304=CARTESIAN_POINT('',(9.925,-5.43,0.5));
#2305=CARTESIAN_POINT('',(11.25,-5.43,0.5));
#2306=CARTESIAN_POINT('Origin',(8.59999980777502,-5.43,0.499999988824129));
#2307=CARTESIAN_POINT('',(9.1,-4.73,0.));
#2308=CARTESIAN_POINT('',(8.59999980777502,-4.73,0.499999988824129));
#2309=CARTESIAN_POINT('',(9.38750012254338,-4.73,-0.287500005587892));
#2310=CARTESIAN_POINT('',(9.1,-5.43,0.));
#2311=CARTESIAN_POINT('',(9.1,-5.255,-8.67361737988404E-18));
#2312=CARTESIAN_POINT('',(8.59999980777502,-5.43,0.499999988824129));
#2313=CARTESIAN_POINT('',(8.72499985303731,-5.43,0.374999994412054));
#2314=CARTESIAN_POINT('',(8.6,-5.08,0.499999796599227));
#2315=CARTESIAN_POINT('Origin',(11.25,-4.73,0.));
#2316=CARTESIAN_POINT('',(11.25,-4.73,0.));
#2317=CARTESIAN_POINT('',(11.25,-4.73,0.));
#2318=CARTESIAN_POINT('',(11.25,-4.73,0.));
#2319=CARTESIAN_POINT('',(8.6,-4.73,0.));
#2320=CARTESIAN_POINT('Origin',(8.6,-4.73,0.));
#2321=CARTESIAN_POINT('',(8.6,-5.43,0.));
#2322=CARTESIAN_POINT('Origin',(11.25,-5.43,0.));
#2323=CARTESIAN_POINT('',(11.25,-5.43,0.));
#2324=CARTESIAN_POINT('',(11.25,-5.43,0.));
#2325=CARTESIAN_POINT('',(11.25,-5.43,0.));
#2326=CARTESIAN_POINT('Origin',(8.6,-5.43,0.));
#2327=CARTESIAN_POINT('',(8.6,-5.43,0.));
#2328=CARTESIAN_POINT('Origin',(9.925,-5.08,0.));
#2329=CARTESIAN_POINT('Origin',(9.30710678118655,-2.89,0.5));
#2330=CARTESIAN_POINT('',(8.6,-2.19,1.20710678118655));
#2331=CARTESIAN_POINT('',(9.30710678118655,-2.19,0.5));
#2332=CARTESIAN_POINT('',(9.91783008588992,-2.19,-0.11072330470336));
#2333=CARTESIAN_POINT('',(8.6,-2.89,1.20710678118655));
#2334=CARTESIAN_POINT('',(8.6,-2.54,1.20710678118655));
#2335=CARTESIAN_POINT('',(9.30710678118655,-2.89,0.5));
#2336=CARTESIAN_POINT('',(9.25533008588991,-2.89,0.55177669529664));
#2337=CARTESIAN_POINT('',(9.30710678118655,-2.89,0.5));
#2338=CARTESIAN_POINT('Origin',(11.25,-2.89,0.5));
#2339=CARTESIAN_POINT('',(11.25,-2.19,0.5));
#2340=CARTESIAN_POINT('',(11.25,-2.19,0.5));
#2341=CARTESIAN_POINT('',(11.25,-2.89,0.5));
#2342=CARTESIAN_POINT('',(9.925,-2.89,0.5));
#2343=CARTESIAN_POINT('',(11.25,-2.89,0.5));
#2344=CARTESIAN_POINT('Origin',(8.59999980777502,-2.89,0.499999988824129));
#2345=CARTESIAN_POINT('',(9.1,-2.19,0.));
#2346=CARTESIAN_POINT('',(8.59999980777502,-2.19,0.499999988824129));
#2347=CARTESIAN_POINT('',(9.38750012254338,-2.19,-0.287500005587892));
#2348=CARTESIAN_POINT('',(9.1,-2.89,0.));
#2349=CARTESIAN_POINT('',(9.1,-2.715,-8.67361737988404E-18));
#2350=CARTESIAN_POINT('',(8.59999980777502,-2.89,0.499999988824129));
#2351=CARTESIAN_POINT('',(8.72499985303731,-2.89,0.374999994412054));
#2352=CARTESIAN_POINT('',(8.6,-2.54,0.499999796599227));
#2353=CARTESIAN_POINT('Origin',(11.25,-2.19,0.));
#2354=CARTESIAN_POINT('',(11.25,-2.19,0.));
#2355=CARTESIAN_POINT('',(11.25,-2.19,0.));
#2356=CARTESIAN_POINT('',(11.25,-2.19,0.));
#2357=CARTESIAN_POINT('',(8.6,-2.19,0.));
#2358=CARTESIAN_POINT('Origin',(8.6,-2.19,0.));
#2359=CARTESIAN_POINT('',(8.6,-2.89,0.));
#2360=CARTESIAN_POINT('Origin',(11.25,-2.89,0.));
#2361=CARTESIAN_POINT('',(11.25,-2.89,0.));
#2362=CARTESIAN_POINT('',(11.25,-2.89,0.));
#2363=CARTESIAN_POINT('',(11.25,-2.89,0.));
#2364=CARTESIAN_POINT('Origin',(8.6,-2.89,0.));
#2365=CARTESIAN_POINT('',(8.6,-2.89,0.));
#2366=CARTESIAN_POINT('Origin',(9.925,-2.54,0.));
#2367=CARTESIAN_POINT('Origin',(9.30710678118655,2.19,0.5));
#2368=CARTESIAN_POINT('',(8.6,2.89,1.20710678118655));
#2369=CARTESIAN_POINT('',(9.30710678118655,2.89,0.5));
#2370=CARTESIAN_POINT('',(9.91783008588992,2.89,-0.11072330470336));
#2371=CARTESIAN_POINT('',(8.6,2.19,1.20710678118655));
#2372=CARTESIAN_POINT('',(8.6,2.54,1.20710678118655));
#2373=CARTESIAN_POINT('',(9.30710678118655,2.19,0.5));
#2374=CARTESIAN_POINT('',(9.25533008588991,2.19,0.55177669529664));
#2375=CARTESIAN_POINT('',(9.30710678118655,2.19,0.5));
#2376=CARTESIAN_POINT('Origin',(11.25,2.19,0.5));
#2377=CARTESIAN_POINT('',(11.25,2.89,0.5));
#2378=CARTESIAN_POINT('',(11.25,2.89,0.5));
#2379=CARTESIAN_POINT('',(11.25,2.19,0.5));
#2380=CARTESIAN_POINT('',(9.925,2.19,0.5));
#2381=CARTESIAN_POINT('',(11.25,2.19,0.5));
#2382=CARTESIAN_POINT('Origin',(8.59999980777502,2.19,0.499999988824129));
#2383=CARTESIAN_POINT('',(9.1,2.89,0.));
#2384=CARTESIAN_POINT('',(8.59999980777502,2.89,0.499999988824129));
#2385=CARTESIAN_POINT('',(9.38750012254338,2.89,-0.287500005587892));
#2386=CARTESIAN_POINT('',(9.1,2.19,0.));
#2387=CARTESIAN_POINT('',(9.1,2.365,-8.67361737988404E-18));
#2388=CARTESIAN_POINT('',(8.59999980777502,2.19,0.499999988824129));
#2389=CARTESIAN_POINT('',(8.72499985303731,2.19,0.374999994412054));
#2390=CARTESIAN_POINT('',(8.6,2.54,0.499999796599227));
#2391=CARTESIAN_POINT('Origin',(11.25,2.89,0.));
#2392=CARTESIAN_POINT('',(11.25,2.89,0.));
#2393=CARTESIAN_POINT('',(11.25,2.89,0.));
#2394=CARTESIAN_POINT('',(11.25,2.89,0.));
#2395=CARTESIAN_POINT('',(8.6,2.89,0.));
#2396=CARTESIAN_POINT('Origin',(8.6,2.89,0.));
#2397=CARTESIAN_POINT('',(8.6,2.19,0.));
#2398=CARTESIAN_POINT('Origin',(11.25,2.19,0.));
#2399=CARTESIAN_POINT('',(11.25,2.19,0.));
#2400=CARTESIAN_POINT('',(11.25,2.19,0.));
#2401=CARTESIAN_POINT('',(11.25,2.19,0.));
#2402=CARTESIAN_POINT('Origin',(8.6,2.19,0.));
#2403=CARTESIAN_POINT('',(8.6,2.19,0.));
#2404=CARTESIAN_POINT('Origin',(9.925,2.54,0.));
#2405=CARTESIAN_POINT('Origin',(9.30710678118655,4.73,0.5));
#2406=CARTESIAN_POINT('',(8.6,5.43,1.20710678118655));
#2407=CARTESIAN_POINT('',(9.30710678118655,5.43,0.5));
#2408=CARTESIAN_POINT('',(9.91783008588992,5.43,-0.11072330470336));
#2409=CARTESIAN_POINT('',(8.6,4.73,1.20710678118655));
#2410=CARTESIAN_POINT('',(8.6,5.08,1.20710678118655));
#2411=CARTESIAN_POINT('',(9.30710678118655,4.73,0.5));
#2412=CARTESIAN_POINT('',(9.25533008588991,4.73,0.55177669529664));
#2413=CARTESIAN_POINT('',(9.30710678118655,4.73,0.5));
#2414=CARTESIAN_POINT('Origin',(11.25,4.73,0.5));
#2415=CARTESIAN_POINT('',(11.25,5.43,0.5));
#2416=CARTESIAN_POINT('',(11.25,5.43,0.5));
#2417=CARTESIAN_POINT('',(11.25,4.73,0.5));
#2418=CARTESIAN_POINT('',(9.925,4.73,0.5));
#2419=CARTESIAN_POINT('',(11.25,4.73,0.5));
#2420=CARTESIAN_POINT('Origin',(8.59999980777502,4.73,0.499999988824129));
#2421=CARTESIAN_POINT('',(9.1,5.43,0.));
#2422=CARTESIAN_POINT('',(8.59999980777502,5.43,0.499999988824129));
#2423=CARTESIAN_POINT('',(9.38750012254338,5.43,-0.287500005587892));
#2424=CARTESIAN_POINT('',(9.1,4.73,0.));
#2425=CARTESIAN_POINT('',(9.1,4.905,-8.67361737988404E-18));
#2426=CARTESIAN_POINT('',(8.59999980777502,4.73,0.499999988824129));
#2427=CARTESIAN_POINT('',(8.72499985303731,4.73,0.374999994412054));
#2428=CARTESIAN_POINT('',(8.6,5.08,0.499999796599227));
#2429=CARTESIAN_POINT('Origin',(11.25,5.43,0.));
#2430=CARTESIAN_POINT('',(11.25,5.43,0.));
#2431=CARTESIAN_POINT('',(11.25,5.43,0.));
#2432=CARTESIAN_POINT('',(11.25,5.43,0.));
#2433=CARTESIAN_POINT('',(8.6,5.43,0.));
#2434=CARTESIAN_POINT('Origin',(8.6,5.43,0.));
#2435=CARTESIAN_POINT('',(8.6,4.73,0.));
#2436=CARTESIAN_POINT('Origin',(11.25,4.73,0.));
#2437=CARTESIAN_POINT('',(11.25,4.73,0.));
#2438=CARTESIAN_POINT('',(11.25,4.73,0.));
#2439=CARTESIAN_POINT('',(11.25,4.73,0.));
#2440=CARTESIAN_POINT('Origin',(8.6,4.73,0.));
#2441=CARTESIAN_POINT('',(8.6,4.73,0.));
#2442=CARTESIAN_POINT('Origin',(9.925,5.08,0.));
#2443=CARTESIAN_POINT('Origin',(-9.30710678118655,-0.350000000000001,0.5));
#2444=CARTESIAN_POINT('',(-8.6,0.349999999999999,1.20710678118655));
#2445=CARTESIAN_POINT('',(-9.30710678118655,0.349999999999999,0.5));
#2446=CARTESIAN_POINT('',(-9.91783008588992,0.35,-0.11072330470336));
#2447=CARTESIAN_POINT('',(-9.30710678118655,-0.350000000000001,0.5));
#2448=CARTESIAN_POINT('',(-9.30710678118655,-0.350000000000001,0.5));
#2449=CARTESIAN_POINT('',(-8.6,-0.350000000000001,1.20710678118655));
#2450=CARTESIAN_POINT('',(-9.25533008588991,-0.350000000000001,0.55177669529664));
#2451=CARTESIAN_POINT('',(-8.6,-6.93889390390723E-16,1.20710678118655));
#2452=CARTESIAN_POINT('Origin',(-11.25,-0.350000000000001,0.5));
#2453=CARTESIAN_POINT('',(-11.25,0.35,0.5));
#2454=CARTESIAN_POINT('',(-11.25,0.35,0.5));
#2455=CARTESIAN_POINT('',(-11.25,-0.350000000000001,0.5));
#2456=CARTESIAN_POINT('',(-11.25,-0.35,0.5));
#2457=CARTESIAN_POINT('',(-9.925,-0.350000000000001,0.5));
#2458=CARTESIAN_POINT('Origin',(-8.59999980777502,-0.350000000000001,0.499999988824129));
#2459=CARTESIAN_POINT('',(-9.1,0.349999999999999,0.));
#2460=CARTESIAN_POINT('',(-8.59999980777502,0.349999999999999,0.499999988824129));
#2461=CARTESIAN_POINT('',(-9.38750012254338,0.349999999999999,-0.287500005587892));
#2462=CARTESIAN_POINT('',(-8.59999980777502,-0.350000000000001,0.499999988824129));
#2463=CARTESIAN_POINT('',(-8.6,-6.93889390390723E-16,0.499999796599227));
#2464=CARTESIAN_POINT('',(-9.1,-0.350000000000001,0.));
#2465=CARTESIAN_POINT('',(-8.72499985303731,-0.350000000000001,0.374999994412054));
#2466=CARTESIAN_POINT('',(-9.1,-0.175000000000001,-8.67361737988404E-18));
#2467=CARTESIAN_POINT('Origin',(-11.25,0.35,0.));
#2468=CARTESIAN_POINT('',(-8.6,0.349999999999999,0.));
#2469=CARTESIAN_POINT('',(-11.25,0.35,0.));
#2470=CARTESIAN_POINT('',(-11.25,0.35,0.));
#2471=CARTESIAN_POINT('',(-11.25,0.35,0.));
#2472=CARTESIAN_POINT('Origin',(-8.6,0.349999999999999,0.));
#2473=CARTESIAN_POINT('',(-8.6,-0.350000000000001,0.));
#2474=CARTESIAN_POINT('Origin',(-11.25,-0.35,0.));
#2475=CARTESIAN_POINT('',(-11.25,-0.35,0.));
#2476=CARTESIAN_POINT('',(-11.25,-0.35,0.));
#2477=CARTESIAN_POINT('',(-11.25,-0.35,0.));
#2478=CARTESIAN_POINT('Origin',(-8.6,-0.350000000000001,0.));
#2479=CARTESIAN_POINT('',(-8.6,-0.350000000000001,0.));
#2480=CARTESIAN_POINT('Origin',(-9.925,-6.93889390390723E-16,0.));
#2481=CARTESIAN_POINT('Origin',(-9.30710678118655,-5.43,0.5));
#2482=CARTESIAN_POINT('',(-8.6,-4.73,1.20710678118655));
#2483=CARTESIAN_POINT('',(-9.30710678118655,-4.73,0.5));
#2484=CARTESIAN_POINT('',(-9.91783008588992,-4.73,-0.11072330470336));
#2485=CARTESIAN_POINT('',(-9.30710678118655,-5.43,0.5));
#2486=CARTESIAN_POINT('',(-9.30710678118655,-5.43,0.5));
#2487=CARTESIAN_POINT('',(-8.6,-5.43,1.20710678118655));
#2488=CARTESIAN_POINT('',(-9.25533008588991,-5.43,0.55177669529664));
#2489=CARTESIAN_POINT('',(-8.6,-5.08,1.20710678118655));
#2490=CARTESIAN_POINT('Origin',(-11.25,-5.43,0.5));
#2491=CARTESIAN_POINT('',(-11.25,-4.73,0.5));
#2492=CARTESIAN_POINT('',(-11.25,-4.73,0.5));
#2493=CARTESIAN_POINT('',(-11.25,-5.43,0.5));
#2494=CARTESIAN_POINT('',(-11.25,-5.43,0.5));
#2495=CARTESIAN_POINT('',(-9.925,-5.43,0.5));
#2496=CARTESIAN_POINT('Origin',(-8.59999980777502,-5.43,0.499999988824129));
#2497=CARTESIAN_POINT('',(-9.1,-4.73,0.));
#2498=CARTESIAN_POINT('',(-8.59999980777502,-4.73,0.499999988824129));
#2499=CARTESIAN_POINT('',(-9.38750012254338,-4.73,-0.287500005587892));
#2500=CARTESIAN_POINT('',(-8.59999980777502,-5.43,0.499999988824129));
#2501=CARTESIAN_POINT('',(-8.6,-5.08,0.499999796599227));
#2502=CARTESIAN_POINT('',(-9.1,-5.43,0.));
#2503=CARTESIAN_POINT('',(-8.72499985303731,-5.43,0.374999994412054));
#2504=CARTESIAN_POINT('',(-9.1,-5.255,-8.67361737988404E-18));
#2505=CARTESIAN_POINT('Origin',(-11.25,-4.73,0.));
#2506=CARTESIAN_POINT('',(-8.6,-4.73,0.));
#2507=CARTESIAN_POINT('',(-11.25,-4.73,0.));
#2508=CARTESIAN_POINT('',(-11.25,-4.73,0.));
#2509=CARTESIAN_POINT('',(-11.25,-4.73,0.));
#2510=CARTESIAN_POINT('Origin',(-8.6,-4.73,0.));
#2511=CARTESIAN_POINT('',(-8.6,-5.43,0.));
#2512=CARTESIAN_POINT('Origin',(-11.25,-5.43,0.));
#2513=CARTESIAN_POINT('',(-11.25,-5.43,0.));
#2514=CARTESIAN_POINT('',(-11.25,-5.43,0.));
#2515=CARTESIAN_POINT('',(-11.25,-5.43,0.));
#2516=CARTESIAN_POINT('Origin',(-8.6,-5.43,0.));
#2517=CARTESIAN_POINT('',(-8.6,-5.43,0.));
#2518=CARTESIAN_POINT('Origin',(-9.925,-5.08,0.));
#2519=CARTESIAN_POINT('Origin',(-9.30710678118655,-2.89,0.5));
#2520=CARTESIAN_POINT('',(-8.6,-2.19,1.20710678118655));
#2521=CARTESIAN_POINT('',(-9.30710678118655,-2.19,0.5));
#2522=CARTESIAN_POINT('',(-9.91783008588992,-2.19,-0.11072330470336));
#2523=CARTESIAN_POINT('',(-9.30710678118655,-2.89,0.5));
#2524=CARTESIAN_POINT('',(-9.30710678118655,-2.89,0.5));
#2525=CARTESIAN_POINT('',(-8.6,-2.89,1.20710678118655));
#2526=CARTESIAN_POINT('',(-9.25533008588991,-2.89,0.55177669529664));
#2527=CARTESIAN_POINT('',(-8.6,-2.54,1.20710678118655));
#2528=CARTESIAN_POINT('Origin',(-11.25,-2.89,0.5));
#2529=CARTESIAN_POINT('',(-11.25,-2.19,0.5));
#2530=CARTESIAN_POINT('',(-11.25,-2.19,0.5));
#2531=CARTESIAN_POINT('',(-11.25,-2.89,0.5));
#2532=CARTESIAN_POINT('',(-11.25,-2.89,0.5));
#2533=CARTESIAN_POINT('',(-9.925,-2.89,0.5));
#2534=CARTESIAN_POINT('Origin',(-8.59999980777502,-2.89,0.499999988824129));
#2535=CARTESIAN_POINT('',(-9.1,-2.19,0.));
#2536=CARTESIAN_POINT('',(-8.59999980777502,-2.19,0.499999988824129));
#2537=CARTESIAN_POINT('',(-9.38750012254338,-2.19,-0.287500005587892));
#2538=CARTESIAN_POINT('',(-8.59999980777502,-2.89,0.499999988824129));
#2539=CARTESIAN_POINT('',(-8.6,-2.54,0.499999796599227));
#2540=CARTESIAN_POINT('',(-9.1,-2.89,0.));
#2541=CARTESIAN_POINT('',(-8.72499985303731,-2.89,0.374999994412054));
#2542=CARTESIAN_POINT('',(-9.1,-2.715,-8.67361737988404E-18));
#2543=CARTESIAN_POINT('Origin',(-11.25,-2.19,0.));
#2544=CARTESIAN_POINT('',(-8.6,-2.19,0.));
#2545=CARTESIAN_POINT('',(-11.25,-2.19,0.));
#2546=CARTESIAN_POINT('',(-11.25,-2.19,0.));
#2547=CARTESIAN_POINT('',(-11.25,-2.19,0.));
#2548=CARTESIAN_POINT('Origin',(-8.6,-2.19,0.));
#2549=CARTESIAN_POINT('',(-8.6,-2.89,0.));
#2550=CARTESIAN_POINT('Origin',(-11.25,-2.89,0.));
#2551=CARTESIAN_POINT('',(-11.25,-2.89,0.));
#2552=CARTESIAN_POINT('',(-11.25,-2.89,0.));
#2553=CARTESIAN_POINT('',(-11.25,-2.89,0.));
#2554=CARTESIAN_POINT('Origin',(-8.6,-2.89,0.));
#2555=CARTESIAN_POINT('',(-8.6,-2.89,0.));
#2556=CARTESIAN_POINT('Origin',(-9.925,-2.54,0.));
#2557=CARTESIAN_POINT('Origin',(-9.30710678118655,2.19,0.5));
#2558=CARTESIAN_POINT('',(-8.6,2.89,1.20710678118655));
#2559=CARTESIAN_POINT('',(-9.30710678118655,2.89,0.5));
#2560=CARTESIAN_POINT('',(-9.91783008588992,2.89,-0.11072330470336));
#2561=CARTESIAN_POINT('',(-9.30710678118655,2.19,0.5));
#2562=CARTESIAN_POINT('',(-9.30710678118655,2.19,0.5));
#2563=CARTESIAN_POINT('',(-8.6,2.19,1.20710678118655));
#2564=CARTESIAN_POINT('',(-9.25533008588991,2.19,0.55177669529664));
#2565=CARTESIAN_POINT('',(-8.6,2.54,1.20710678118655));
#2566=CARTESIAN_POINT('Origin',(-11.25,2.19,0.5));
#2567=CARTESIAN_POINT('',(-11.25,2.89,0.5));
#2568=CARTESIAN_POINT('',(-11.25,2.89,0.5));
#2569=CARTESIAN_POINT('',(-11.25,2.19,0.5));
#2570=CARTESIAN_POINT('',(-11.25,2.19,0.5));
#2571=CARTESIAN_POINT('',(-9.925,2.19,0.5));
#2572=CARTESIAN_POINT('Origin',(-8.59999980777502,2.19,0.499999988824129));
#2573=CARTESIAN_POINT('',(-9.1,2.89,0.));
#2574=CARTESIAN_POINT('',(-8.59999980777502,2.89,0.499999988824129));
#2575=CARTESIAN_POINT('',(-9.38750012254338,2.89,-0.287500005587892));
#2576=CARTESIAN_POINT('',(-8.59999980777502,2.19,0.499999988824129));
#2577=CARTESIAN_POINT('',(-8.6,2.54,0.499999796599227));
#2578=CARTESIAN_POINT('',(-9.1,2.19,0.));
#2579=CARTESIAN_POINT('',(-8.72499985303731,2.19,0.374999994412054));
#2580=CARTESIAN_POINT('',(-9.1,2.365,-8.67361737988404E-18));
#2581=CARTESIAN_POINT('Origin',(-11.25,2.89,0.));
#2582=CARTESIAN_POINT('',(-8.6,2.89,0.));
#2583=CARTESIAN_POINT('',(-11.25,2.89,0.));
#2584=CARTESIAN_POINT('',(-11.25,2.89,0.));
#2585=CARTESIAN_POINT('',(-11.25,2.89,0.));
#2586=CARTESIAN_POINT('Origin',(-8.6,2.89,0.));
#2587=CARTESIAN_POINT('',(-8.6,2.19,0.));
#2588=CARTESIAN_POINT('Origin',(-11.25,2.19,0.));
#2589=CARTESIAN_POINT('',(-11.25,2.19,0.));
#2590=CARTESIAN_POINT('',(-11.25,2.19,0.));
#2591=CARTESIAN_POINT('',(-11.25,2.19,0.));
#2592=CARTESIAN_POINT('Origin',(-8.6,2.19,0.));
#2593=CARTESIAN_POINT('',(-8.6,2.19,0.));
#2594=CARTESIAN_POINT('Origin',(-9.925,2.54,0.));
#2595=CARTESIAN_POINT('Origin',(-9.30710678118655,4.73,0.5));
#2596=CARTESIAN_POINT('',(-8.6,5.43,1.20710678118655));
#2597=CARTESIAN_POINT('',(-9.30710678118655,5.43,0.5));
#2598=CARTESIAN_POINT('',(-9.91783008588992,5.43,-0.11072330470336));
#2599=CARTESIAN_POINT('',(-9.30710678118655,4.73,0.5));
#2600=CARTESIAN_POINT('',(-9.30710678118655,4.73,0.5));
#2601=CARTESIAN_POINT('',(-8.6,4.73,1.20710678118655));
#2602=CARTESIAN_POINT('',(-9.25533008588991,4.73,0.55177669529664));
#2603=CARTESIAN_POINT('',(-8.6,5.08,1.20710678118655));
#2604=CARTESIAN_POINT('Origin',(-11.25,4.73,0.5));
#2605=CARTESIAN_POINT('',(-11.25,5.43,0.5));
#2606=CARTESIAN_POINT('',(-11.25,5.43,0.5));
#2607=CARTESIAN_POINT('',(-11.25,4.73,0.5));
#2608=CARTESIAN_POINT('',(-11.25,4.73,0.5));
#2609=CARTESIAN_POINT('',(-9.925,4.73,0.5));
#2610=CARTESIAN_POINT('Origin',(-8.59999980777502,4.73,0.499999988824129));
#2611=CARTESIAN_POINT('',(-9.1,5.43,0.));
#2612=CARTESIAN_POINT('',(-8.59999980777502,5.43,0.499999988824129));
#2613=CARTESIAN_POINT('',(-9.38750012254338,5.43,-0.287500005587892));
#2614=CARTESIAN_POINT('',(-8.59999980777502,4.73,0.499999988824129));
#2615=CARTESIAN_POINT('',(-8.6,5.08,0.499999796599227));
#2616=CARTESIAN_POINT('',(-9.1,4.73,0.));
#2617=CARTESIAN_POINT('',(-8.72499985303731,4.73,0.374999994412054));
#2618=CARTESIAN_POINT('',(-9.1,4.905,-8.67361737988404E-18));
#2619=CARTESIAN_POINT('Origin',(-11.25,5.43,0.));
#2620=CARTESIAN_POINT('',(-8.6,5.43,0.));
#2621=CARTESIAN_POINT('',(-11.25,5.43,0.));
#2622=CARTESIAN_POINT('',(-11.25,5.43,0.));
#2623=CARTESIAN_POINT('',(-11.25,5.43,0.));
#2624=CARTESIAN_POINT('Origin',(-8.6,5.43,0.));
#2625=CARTESIAN_POINT('',(-8.6,4.73,0.));
#2626=CARTESIAN_POINT('Origin',(-11.25,4.73,0.));
#2627=CARTESIAN_POINT('',(-11.25,4.73,0.));
#2628=CARTESIAN_POINT('',(-11.25,4.73,0.));
#2629=CARTESIAN_POINT('',(-11.25,4.73,0.));
#2630=CARTESIAN_POINT('Origin',(-8.6,4.73,0.));
#2631=CARTESIAN_POINT('',(-8.6,4.73,0.));
#2632=CARTESIAN_POINT('Origin',(-9.925,5.08,0.));
#2633=UNCERTAINTY_MEASURE_WITH_UNIT(LENGTH_MEASURE(0.01),#2637,
'DISTANCE_ACCURACY_VALUE',
'Maximum model space distance between geometric entities at asserted c
onnectivities');
#2634=UNCERTAINTY_MEASURE_WITH_UNIT(LENGTH_MEASURE(0.01),#2637,
'DISTANCE_ACCURACY_VALUE',
'Maximum model space distance between geometric entities at asserted c
onnectivities');
#2635=(
GEOMETRIC_REPRESENTATION_CONTEXT(3)
GLOBAL_UNCERTAINTY_ASSIGNED_CONTEXT((#2633))
GLOBAL_UNIT_ASSIGNED_CONTEXT((#2637,#2639,#2640))
REPRESENTATION_CONTEXT('','3D')
);
#2636=(
GEOMETRIC_REPRESENTATION_CONTEXT(3)
GLOBAL_UNCERTAINTY_ASSIGNED_CONTEXT((#2634))
GLOBAL_UNIT_ASSIGNED_CONTEXT((#2637,#2639,#2640))
REPRESENTATION_CONTEXT('','3D')
);
#2637=(
LENGTH_UNIT()
NAMED_UNIT(*)
SI_UNIT(.MILLI.,.METRE.)
);
#2638=(
LENGTH_UNIT()
NAMED_UNIT(*)
SI_UNIT($,.METRE.)
);
#2639=(
NAMED_UNIT(*)
PLANE_ANGLE_UNIT()
SI_UNIT($,.RADIAN.)
);
#2640=(
NAMED_UNIT(*)
SI_UNIT($,.STERADIAN.)
SOLID_ANGLE_UNIT()
);
#2641=SHAPE_DEFINITION_REPRESENTATION(#2642,#2643);
#2642=PRODUCT_DEFINITION_SHAPE('',$,#2645);
#2643=SHAPE_REPRESENTATION('',(#1669),#2635);
#2644=PRODUCT_DEFINITION_CONTEXT('part definition',#2649,'design');
#2645=PRODUCT_DEFINITION('TDK_DCT15EFD-U44S003',
'TDK_DCT15EFD-U44S003 v1',#2646,#2644);
#2646=PRODUCT_DEFINITION_FORMATION('',$,#2651);
#2647=PRODUCT_RELATED_PRODUCT_CATEGORY('TDK_DCT15EFD-U44S003 v1',
'TDK_DCT15EFD-U44S003 v1',(#2651));
#2648=APPLICATION_PROTOCOL_DEFINITION('international standard',
'automotive_design',2009,#2649);
#2649=APPLICATION_CONTEXT(
'Core Data for Automotive Mechanical Design Process');
#2650=PRODUCT_CONTEXT('part definition',#2649,'mechanical');
#2651=PRODUCT('TDK_DCT15EFD-U44S003','TDK_DCT15EFD-U44S003 v1',$,(#2650));
#2652=PRESENTATION_STYLE_ASSIGNMENT((#2656));
#2653=PRESENTATION_STYLE_ASSIGNMENT((#2657));
#2654=PRESENTATION_STYLE_ASSIGNMENT((#2658));
#2655=PRESENTATION_STYLE_ASSIGNMENT((#2659));
#2656=SURFACE_STYLE_USAGE(.BOTH.,#2660);
#2657=SURFACE_STYLE_USAGE(.BOTH.,#2661);
#2658=SURFACE_STYLE_USAGE(.BOTH.,#2662);
#2659=SURFACE_STYLE_USAGE(.BOTH.,#2663);
#2660=SURFACE_SIDE_STYLE('',(#2664));
#2661=SURFACE_SIDE_STYLE('',(#2665));
#2662=SURFACE_SIDE_STYLE('',(#2666));
#2663=SURFACE_SIDE_STYLE('',(#2667));
#2664=SURFACE_STYLE_FILL_AREA(#2668);
#2665=SURFACE_STYLE_FILL_AREA(#2669);
#2666=SURFACE_STYLE_FILL_AREA(#2670);
#2667=SURFACE_STYLE_FILL_AREA(#2671);
#2668=FILL_AREA_STYLE('A\X\E7o - Acetinado',(#2672));
#2669=FILL_AREA_STYLE('Fibra de carbono - Simples',(#2673));
#2670=FILL_AREA_STYLE('A\X\E7o inoxid\X\E1vel - Acetinado',(#2674));
#2671=FILL_AREA_STYLE('Alum\X\EDnio - Polido',(#2675));
#2672=FILL_AREA_STYLE_COLOUR('A\X\E7o - Acetinado',#2676);
#2673=FILL_AREA_STYLE_COLOUR('Fibra de carbono - Simples',#2677);
#2674=FILL_AREA_STYLE_COLOUR('A\X\E7o inoxid\X\E1vel - Acetinado',#2678);
#2675=FILL_AREA_STYLE_COLOUR('Alum\X\EDnio - Polido',#2679);
#2676=COLOUR_RGB('A\X\E7o - Acetinado',0.627450980392157,0.627450980392157,
0.627450980392157);
#2677=COLOUR_RGB('Fibra de carbono - Simples',0.0980392156862745,0.0980392156862745,
0.0980392156862745);
#2678=COLOUR_RGB('A\X\E7o inoxid\X\E1vel - Acetinado',0.796078431372549,
0.796078431372549,0.796078431372549);
#2679=COLOUR_RGB('Alum\X\EDnio - Polido',0.96078431372549,0.96078431372549,
0.964705882352941);
ENDSEC;
END-ISO-10303-21;
